"linux_version","arch_abi","number","name","linux_entry","design_section","owner","implementation_plan","validation_focus","delivery_class","source"
"v6.12","x86-64 LP64 (common)","0","read","sys_read","18","IoRequest / OFD","按同步、位置型与向量 I/O 契约执行；共享位置由稳定完成 owner 提交实际字节数","短读写、iovec 边界、offset、取消和完成竞态","设计方案；V2 实现与验证待独立验收","https://github.com/torvalds/linux/blob/v6.12/arch/x86/entry/syscalls/syscall_64.tbl"
"v6.12","x86-64 LP64 (common)","1","write","sys_write","18","IoRequest / OFD","按同步、位置型与向量 I/O 契约执行；共享位置由稳定完成 owner 提交实际字节数","短读写、iovec 边界、offset、取消和完成竞态","设计方案；V2 实现与验证待独立验收","https://github.com/torvalds/linux/blob/v6.12/arch/x86/entry/syscalls/syscall_64.tbl"
"v6.12","x86-64 LP64 (common)","2","open","sys_open","16","VFS / Inode / FsContext","路径解析和 inode/dentry 事务执行；权限、旧 fd 存续及日志一致性统一处理","dirfd/symlink/root 边界、权限、并发 rename、失败恢复","设计方案；V2 实现与验证待独立验收","https://github.com/torvalds/linux/blob/v6.12/arch/x86/entry/syscalls/syscall_64.tbl"
"v6.12","x86-64 LP64 (common)","3","close","sys_close","17","Files / OpenDescription","操作带 generation 的 fd/OFD 引用；fcntl/锁子命令进入其有类型状态机","dup/close/fork/exec、fd 重用、锁和异步 owner","设计方案；V2 实现与验证待独立验收","https://github.com/torvalds/linux/blob/v6.12/arch/x86/entry/syscalls/syscall_64.tbl"
"v6.12","x86-64 LP64 (common)","4","stat","sys_newstat","16","VFS / Inode / FsContext","路径解析和 inode/dentry 事务执行；权限、旧 fd 存续及日志一致性统一处理","dirfd/symlink/root 边界、权限、并发 rename、失败恢复","设计方案；V2 实现与验证待独立验收","https://github.com/torvalds/linux/blob/v6.12/arch/x86/entry/syscalls/syscall_64.tbl"
"v6.12","x86-64 LP64 (common)","5","fstat","sys_newfstat","16","VFS / Inode / FsContext","路径解析和 inode/dentry 事务执行；权限、旧 fd 存续及日志一致性统一处理","dirfd/symlink/root 边界、权限、并发 rename、失败恢复","设计方案；V2 实现与验证待独立验收","https://github.com/torvalds/linux/blob/v6.12/arch/x86/entry/syscalls/syscall_64.tbl"
"v6.12","x86-64 LP64 (common)","6","lstat","sys_newlstat","16","VFS / Inode / FsContext","路径解析和 inode/dentry 事务执行；权限、旧 fd 存续及日志一致性统一处理","dirfd/symlink/root 边界、权限、并发 rename、失败恢复","设计方案；V2 实现与验证待独立验收","https://github.com/torvalds/linux/blob/v6.12/arch/x86/entry/syscalls/syscall_64.tbl"
"v6.12","x86-64 LP64 (common)","7","poll","sys_poll","19","ReadySource / Epoll","组合稳定就绪对象和 signal mask 等待；原生机制不可用时使用事件后端","ET/ONESHOT、fd 重用、mask 切换与丢失唤醒","设计方案；V2 实现与验证待独立验收","https://github.com/torvalds/linux/blob/v6.12/arch/x86/entry/syscalls/syscall_64.tbl"
"v6.12","x86-64 LP64 (common)","8","lseek","sys_lseek","17","Files / OpenDescription","操作带 generation 的 fd/OFD 引用；fcntl/锁子命令进入其有类型状态机","dup/close/fork/exec、fd 重用、锁和异步 owner","设计方案；V2 实现与验证待独立验收","https://github.com/torvalds/linux/blob/v6.12/arch/x86/entry/syscalls/syscall_64.tbl"
"v6.12","x86-64 LP64 (common)","9","mmap","sys_mmap","12","AddressSpace / Pager","VMA 事务与固定地址后端，跨 worker mm 使用成员屏障发布布局","拆分/合并、MAP_FIXED、共享、回滚和异步写入","设计方案；V2 实现与验证待独立验收","https://github.com/torvalds/linux/blob/v6.12/arch/x86/entry/syscalls/syscall_64.tbl"
"v6.12","x86-64 LP64 (common)","10","mprotect","sys_mprotect","12","AddressSpace / Pager","VMA 事务与固定地址后端，跨 worker mm 使用成员屏障发布布局","拆分/合并、MAP_FIXED、共享、回滚和异步写入","设计方案；V2 实现与验证待独立验收","https://github.com/torvalds/linux/blob/v6.12/arch/x86/entry/syscalls/syscall_64.tbl"
"v6.12","x86-64 LP64 (common)","11","munmap","sys_munmap","12","AddressSpace / Pager","VMA 事务与固定地址后端，跨 worker mm 使用成员屏障发布布局","拆分/合并、MAP_FIXED、共享、回滚和异步写入","设计方案；V2 实现与验证待独立验收","https://github.com/torvalds/linux/blob/v6.12/arch/x86/entry/syscalls/syscall_64.tbl"
"v6.12","x86-64 LP64 (common)","12","brk","sys_brk","12","AddressSpace / Pager","VMA 事务与固定地址后端，跨 worker mm 使用成员屏障发布布局","拆分/合并、MAP_FIXED、共享、回滚和异步写入","设计方案；V2 实现与验证待独立验收","https://github.com/torvalds/linux/blob/v6.12/arch/x86/entry/syscalls/syscall_64.tbl"
"v6.12","x86-64 LP64 (64)","13","rt_sigaction","sys_rt_sigaction","24","Signal / Task / IoRequest","信号队列、mask、frame、停止与 restart block 按逻辑 Task 执行","RT 排队、altstack、sigreturn、短 I/O、ptrace 及 exec","设计方案；V2 实现与验证待独立验收","https://github.com/torvalds/linux/blob/v6.12/arch/x86/entry/syscalls/syscall_64.tbl"
"v6.12","x86-64 LP64 (common)","14","rt_sigprocmask","sys_rt_sigprocmask","24","Signal / Task / IoRequest","信号队列、mask、frame、停止与 restart block 按逻辑 Task 执行","RT 排队、altstack、sigreturn、短 I/O、ptrace 及 exec","设计方案；V2 实现与验证待独立验收","https://github.com/torvalds/linux/blob/v6.12/arch/x86/entry/syscalls/syscall_64.tbl"
"v6.12","x86-64 LP64 (64)","15","rt_sigreturn","sys_rt_sigreturn","24","Signal / Task / IoRequest","信号队列、mask、frame、停止与 restart block 按逻辑 Task 执行","RT 排队、altstack、sigreturn、短 I/O、ptrace 及 exec","设计方案；V2 实现与验证待独立验收","https://github.com/torvalds/linux/blob/v6.12/arch/x86/entry/syscalls/syscall_64.tbl"
"v6.12","x86-64 LP64 (64)","16","ioctl","sys_ioctl","32","FileExtension / Device / Mount","按对象执行文件命令；extent/文件身份/配额/设备分发不依赖宿主同名 ioctl","子命令布局、权限、文件身份代次、extent 与实际设备行为","设计方案；V2 实现与验证待独立验收","https://github.com/torvalds/linux/blob/v6.12/arch/x86/entry/syscalls/syscall_64.tbl"
"v6.12","x86-64 LP64 (common)","17","pread64","sys_pread64","18","IoRequest / OFD","按同步、位置型与向量 I/O 契约执行；共享位置由稳定完成 owner 提交实际字节数","短读写、iovec 边界、offset、取消和完成竞态","设计方案；V2 实现与验证待独立验收","https://github.com/torvalds/linux/blob/v6.12/arch/x86/entry/syscalls/syscall_64.tbl"
"v6.12","x86-64 LP64 (common)","18","pwrite64","sys_pwrite64","18","IoRequest / OFD","按同步、位置型与向量 I/O 契约执行；共享位置由稳定完成 owner 提交实际字节数","短读写、iovec 边界、offset、取消和完成竞态","设计方案；V2 实现与验证待独立验收","https://github.com/torvalds/linux/blob/v6.12/arch/x86/entry/syscalls/syscall_64.tbl"
"v6.12","x86-64 LP64 (64)","19","readv","sys_readv","18","IoRequest / OFD","按同步、位置型与向量 I/O 契约执行；共享位置由稳定完成 owner 提交实际字节数","短读写、iovec 边界、offset、取消和完成竞态","设计方案；V2 实现与验证待独立验收","https://github.com/torvalds/linux/blob/v6.12/arch/x86/entry/syscalls/syscall_64.tbl"
"v6.12","x86-64 LP64 (64)","20","writev","sys_writev","18","IoRequest / OFD","按同步、位置型与向量 I/O 契约执行；共享位置由稳定完成 owner 提交实际字节数","短读写、iovec 边界、offset、取消和完成竞态","设计方案；V2 实现与验证待独立验收","https://github.com/torvalds/linux/blob/v6.12/arch/x86/entry/syscalls/syscall_64.tbl"
"v6.12","x86-64 LP64 (common)","21","access","sys_access","16","VFS / Inode / FsContext","路径解析和 inode/dentry 事务执行；权限、旧 fd 存续及日志一致性统一处理","dirfd/symlink/root 边界、权限、并发 rename、失败恢复","设计方案；V2 实现与验证待独立验收","https://github.com/torvalds/linux/blob/v6.12/arch/x86/entry/syscalls/syscall_64.tbl"
"v6.12","x86-64 LP64 (common)","22","pipe","sys_pipe","22","Pipe / Eventfd / Timerfd","有界缓冲、计数或 timer 对象产生真实 readiness；继承通过稳定引用","PIPE_BUF、EOF、计数溢出、timer 累计与 fork","设计方案；V2 实现与验证待独立验收","https://github.com/torvalds/linux/blob/v6.12/arch/x86/entry/syscalls/syscall_64.tbl"
"v6.12","x86-64 LP64 (common)","23","select","sys_select","19","ReadySource / Epoll","组合稳定就绪对象和 signal mask 等待；原生机制不可用时使用事件后端","ET/ONESHOT、fd 重用、mask 切换与丢失唤醒","设计方案；V2 实现与验证待独立验收","https://github.com/torvalds/linux/blob/v6.12/arch/x86/entry/syscalls/syscall_64.tbl"
"v6.12","x86-64 LP64 (common)","24","sched_yield","sys_sched_yield","29","TaskScheduler / Rseq","运行资格、优先级/预算/CPU 集合与 rseq 临界区管理","FIFO/RR/DEADLINE、PI、亲和性、rseq 抢占和信号","设计方案；V2 实现与验证待独立验收","https://github.com/torvalds/linux/blob/v6.12/arch/x86/entry/syscalls/syscall_64.tbl"
"v6.12","x86-64 LP64 (common)","25","mremap","sys_mremap","12","AddressSpace / Pager","VMA 事务与固定地址后端，跨 worker mm 使用成员屏障发布布局","拆分/合并、MAP_FIXED、共享、回滚和异步写入","设计方案；V2 实现与验证待独立验收","https://github.com/torvalds/linux/blob/v6.12/arch/x86/entry/syscalls/syscall_64.tbl"
"v6.12","x86-64 LP64 (common)","26","msync","sys_msync","16","FileObject / PageCache","统一文件内容、映射和缓存代次；flush/truncate/copy 通过请求执行器及文件事务完成","内容/映射一致、空洞、短传输、崩溃与持久性","设计方案；V2 实现与验证待独立验收","https://github.com/torvalds/linux/blob/v6.12/arch/x86/entry/syscalls/syscall_64.tbl"
"v6.12","x86-64 LP64 (common)","27","mincore","sys_mincore","30","Pager / GuestArchState","受管理页、权限、缺页队列、NUMA/锁页/swap 与架构状态实现语义","各子命令、fault/映射竞争、charge、权限和上下文","设计方案；V2 实现与验证待独立验收","https://github.com/torvalds/linux/blob/v6.12/arch/x86/entry/syscalls/syscall_64.tbl"
"v6.12","x86-64 LP64 (common)","28","madvise","sys_madvise","30","Pager / GuestArchState","受管理页、权限、缺页队列、NUMA/锁页/swap 与架构状态实现语义","各子命令、fault/映射竞争、charge、权限和上下文","设计方案；V2 实现与验证待独立验收","https://github.com/torvalds/linux/blob/v6.12/arch/x86/entry/syscalls/syscall_64.tbl"
"v6.12","x86-64 LP64 (common)","29","shmget","sys_shmget","31","IpcNamespace / IpcObject","SysV 集合/消息/shm、SEM_UNDO 和 POSIX MQ 的事务队列及共享 backing","数组原子性、undo、删除、消息选择、通知与额度","设计方案；V2 实现与验证待独立验收","https://github.com/torvalds/linux/blob/v6.12/arch/x86/entry/syscalls/syscall_64.tbl"
"v6.12","x86-64 LP64 (common)","30","shmat","sys_shmat","31","IpcNamespace / IpcObject","SysV 集合/消息/shm、SEM_UNDO 和 POSIX MQ 的事务队列及共享 backing","数组原子性、undo、删除、消息选择、通知与额度","设计方案；V2 实现与验证待独立验收","https://github.com/torvalds/linux/blob/v6.12/arch/x86/entry/syscalls/syscall_64.tbl"
"v6.12","x86-64 LP64 (common)","31","shmctl","sys_shmctl","31","IpcNamespace / IpcObject","SysV 集合/消息/shm、SEM_UNDO 和 POSIX MQ 的事务队列及共享 backing","数组原子性、undo、删除、消息选择、通知与额度","设计方案；V2 实现与验证待独立验收","https://github.com/torvalds/linux/blob/v6.12/arch/x86/entry/syscalls/syscall_64.tbl"
"v6.12","x86-64 LP64 (common)","32","dup","sys_dup","17","Files / OpenDescription","操作带 generation 的 fd/OFD 引用；fcntl/锁子命令进入其有类型状态机","dup/close/fork/exec、fd 重用、锁和异步 owner","设计方案；V2 实现与验证待独立验收","https://github.com/torvalds/linux/blob/v6.12/arch/x86/entry/syscalls/syscall_64.tbl"
"v6.12","x86-64 LP64 (common)","33","dup2","sys_dup2","17","Files / OpenDescription","操作带 generation 的 fd/OFD 引用；fcntl/锁子命令进入其有类型状态机","dup/close/fork/exec、fd 重用、锁和异步 owner","设计方案；V2 实现与验证待独立验收","https://github.com/torvalds/linux/blob/v6.12/arch/x86/entry/syscalls/syscall_64.tbl"
"v6.12","x86-64 LP64 (common)","34","pause","sys_pause","24","Signal / Task / IoRequest","信号队列、mask、frame、停止与 restart block 按逻辑 Task 执行","RT 排队、altstack、sigreturn、短 I/O、ptrace 及 exec","设计方案；V2 实现与验证待独立验收","https://github.com/torvalds/linux/blob/v6.12/arch/x86/entry/syscalls/syscall_64.tbl"
"v6.12","x86-64 LP64 (common)","35","nanosleep","sys_nanosleep","25","Clock / Timer","统一客体时钟域与 CPU 计时，维护 timer/deadline/校时和通知","clock ID、休眠/校时、overrun、CPU timer、超时竞态","设计方案；V2 实现与验证待独立验收","https://github.com/torvalds/linux/blob/v6.12/arch/x86/entry/syscalls/syscall_64.tbl"
"v6.12","x86-64 LP64 (common)","36","getitimer","sys_getitimer","25","Clock / Timer","统一客体时钟域与 CPU 计时，维护 timer/deadline/校时和通知","clock ID、休眠/校时、overrun、CPU timer、超时竞态","设计方案；V2 实现与验证待独立验收","https://github.com/torvalds/linux/blob/v6.12/arch/x86/entry/syscalls/syscall_64.tbl"
"v6.12","x86-64 LP64 (common)","37","alarm","sys_alarm","25","Clock / Timer","统一客体时钟域与 CPU 计时，维护 timer/deadline/校时和通知","clock ID、休眠/校时、overrun、CPU timer、超时竞态","设计方案；V2 实现与验证待独立验收","https://github.com/torvalds/linux/blob/v6.12/arch/x86/entry/syscalls/syscall_64.tbl"
"v6.12","x86-64 LP64 (common)","38","setitimer","sys_setitimer","25","Clock / Timer","统一客体时钟域与 CPU 计时，维护 timer/deadline/校时和通知","clock ID、休眠/校时、overrun、CPU timer、超时竞态","设计方案；V2 实现与验证待独立验收","https://github.com/torvalds/linux/blob/v6.12/arch/x86/entry/syscalls/syscall_64.tbl"
"v6.12","x86-64 LP64 (common)","39","getpid","sys_getpid","10","Init Process / Task registry","维护逻辑身份、父子/会话/组关系与退出记录；wait/pidfd 观察稳定对象","收养、wait 选项、退出/停止、PID 重用、pidfd","设计方案；V2 实现与验证待独立验收","https://github.com/torvalds/linux/blob/v6.12/arch/x86/entry/syscalls/syscall_64.tbl"
"v6.12","x86-64 LP64 (common)","40","sendfile","sys_sendfile64","16","FileObject / PageCache","统一文件内容、映射和缓存代次；flush/truncate/copy 通过请求执行器及文件事务完成","内容/映射一致、空洞、短传输、崩溃与持久性","设计方案；V2 实现与验证待独立验收","https://github.com/torvalds/linux/blob/v6.12/arch/x86/entry/syscalls/syscall_64.tbl"
"v6.12","x86-64 LP64 (common)","41","socket","sys_socket","21","SocketObject / NetNamespace","按 socket family/protocol 使用 Winsock 等价快路径、Unix transport 或用户态协议模块","协议/option、地址/凭据、阻塞/短 I/O、错误队列、继承","设计方案；V2 实现与验证待独立验收","https://github.com/torvalds/linux/blob/v6.12/arch/x86/entry/syscalls/syscall_64.tbl"
"v6.12","x86-64 LP64 (common)","42","connect","sys_connect","21","SocketObject / NetNamespace","按 socket family/protocol 使用 Winsock 等价快路径、Unix transport 或用户态协议模块","协议/option、地址/凭据、阻塞/短 I/O、错误队列、继承","设计方案；V2 实现与验证待独立验收","https://github.com/torvalds/linux/blob/v6.12/arch/x86/entry/syscalls/syscall_64.tbl"
"v6.12","x86-64 LP64 (common)","43","accept","sys_accept","21","SocketObject / NetNamespace","按 socket family/protocol 使用 Winsock 等价快路径、Unix transport 或用户态协议模块","协议/option、地址/凭据、阻塞/短 I/O、错误队列、继承","设计方案；V2 实现与验证待独立验收","https://github.com/torvalds/linux/blob/v6.12/arch/x86/entry/syscalls/syscall_64.tbl"
"v6.12","x86-64 LP64 (common)","44","sendto","sys_sendto","21","SocketObject / NetNamespace","按 socket family/protocol 使用 Winsock 等价快路径、Unix transport 或用户态协议模块","协议/option、地址/凭据、阻塞/短 I/O、错误队列、继承","设计方案；V2 实现与验证待独立验收","https://github.com/torvalds/linux/blob/v6.12/arch/x86/entry/syscalls/syscall_64.tbl"
"v6.12","x86-64 LP64 (64)","45","recvfrom","sys_recvfrom","21","SocketObject / NetNamespace","按 socket family/protocol 使用 Winsock 等价快路径、Unix transport 或用户态协议模块","协议/option、地址/凭据、阻塞/短 I/O、错误队列、继承","设计方案；V2 实现与验证待独立验收","https://github.com/torvalds/linux/blob/v6.12/arch/x86/entry/syscalls/syscall_64.tbl"
"v6.12","x86-64 LP64 (64)","46","sendmsg","sys_sendmsg","21","SocketObject / NetNamespace","按 socket family/protocol 使用 Winsock 等价快路径、Unix transport 或用户态协议模块","协议/option、地址/凭据、阻塞/短 I/O、错误队列、继承","设计方案；V2 实现与验证待独立验收","https://github.com/torvalds/linux/blob/v6.12/arch/x86/entry/syscalls/syscall_64.tbl"
"v6.12","x86-64 LP64 (64)","47","recvmsg","sys_recvmsg","21","SocketObject / NetNamespace","按 socket family/protocol 使用 Winsock 等价快路径、Unix transport 或用户态协议模块","协议/option、地址/凭据、阻塞/短 I/O、错误队列、继承","设计方案；V2 实现与验证待独立验收","https://github.com/torvalds/linux/blob/v6.12/arch/x86/entry/syscalls/syscall_64.tbl"
"v6.12","x86-64 LP64 (common)","48","shutdown","sys_shutdown","21","SocketObject / NetNamespace","按 socket family/protocol 使用 Winsock 等价快路径、Unix transport 或用户态协议模块","协议/option、地址/凭据、阻塞/短 I/O、错误队列、继承","设计方案；V2 实现与验证待独立验收","https://github.com/torvalds/linux/blob/v6.12/arch/x86/entry/syscalls/syscall_64.tbl"
"v6.12","x86-64 LP64 (common)","49","bind","sys_bind","21","SocketObject / NetNamespace","按 socket family/protocol 使用 Winsock 等价快路径、Unix transport 或用户态协议模块","协议/option、地址/凭据、阻塞/短 I/O、错误队列、继承","设计方案；V2 实现与验证待独立验收","https://github.com/torvalds/linux/blob/v6.12/arch/x86/entry/syscalls/syscall_64.tbl"
"v6.12","x86-64 LP64 (common)","50","listen","sys_listen","21","SocketObject / NetNamespace","按 socket family/protocol 使用 Winsock 等价快路径、Unix transport 或用户态协议模块","协议/option、地址/凭据、阻塞/短 I/O、错误队列、继承","设计方案；V2 实现与验证待独立验收","https://github.com/torvalds/linux/blob/v6.12/arch/x86/entry/syscalls/syscall_64.tbl"
"v6.12","x86-64 LP64 (common)","51","getsockname","sys_getsockname","21","SocketObject / NetNamespace","按 socket family/protocol 使用 Winsock 等价快路径、Unix transport 或用户态协议模块","协议/option、地址/凭据、阻塞/短 I/O、错误队列、继承","设计方案；V2 实现与验证待独立验收","https://github.com/torvalds/linux/blob/v6.12/arch/x86/entry/syscalls/syscall_64.tbl"
"v6.12","x86-64 LP64 (common)","52","getpeername","sys_getpeername","21","SocketObject / NetNamespace","按 socket family/protocol 使用 Winsock 等价快路径、Unix transport 或用户态协议模块","协议/option、地址/凭据、阻塞/短 I/O、错误队列、继承","设计方案；V2 实现与验证待独立验收","https://github.com/torvalds/linux/blob/v6.12/arch/x86/entry/syscalls/syscall_64.tbl"
"v6.12","x86-64 LP64 (common)","53","socketpair","sys_socketpair","21","SocketObject / NetNamespace","按 socket family/protocol 使用 Winsock 等价快路径、Unix transport 或用户态协议模块","协议/option、地址/凭据、阻塞/短 I/O、错误队列、继承","设计方案；V2 实现与验证待独立验收","https://github.com/torvalds/linux/blob/v6.12/arch/x86/entry/syscalls/syscall_64.tbl"
"v6.12","x86-64 LP64 (64)","54","setsockopt","sys_setsockopt","21","SocketObject / NetNamespace","按 socket family/protocol 使用 Winsock 等价快路径、Unix transport 或用户态协议模块","协议/option、地址/凭据、阻塞/短 I/O、错误队列、继承","设计方案；V2 实现与验证待独立验收","https://github.com/torvalds/linux/blob/v6.12/arch/x86/entry/syscalls/syscall_64.tbl"
"v6.12","x86-64 LP64 (64)","55","getsockopt","sys_getsockopt","21","SocketObject / NetNamespace","按 socket family/protocol 使用 Winsock 等价快路径、Unix transport 或用户态协议模块","协议/option、地址/凭据、阻塞/短 I/O、错误队列、继承","设计方案；V2 实现与验证待独立验收","https://github.com/torvalds/linux/blob/v6.12/arch/x86/entry/syscalls/syscall_64.tbl"
"v6.12","x86-64 LP64 (common)","56","clone","sys_clone","13","Process / Task / AddressSpace","按 clone flags 建立进程或线程与共享关系；不同进程始终不同 worker","多线程、共享 mm/Files、vfork 等待、资源失败","设计方案；V2 实现与验证待独立验收","https://github.com/torvalds/linux/blob/v6.12/arch/x86/entry/syscalls/syscall_64.tbl"
"v6.12","x86-64 LP64 (common)","57","fork","sys_fork","13","Process / Task / AddressSpace","按 clone flags 建立进程或线程与共享关系；不同进程始终不同 worker","多线程、共享 mm/Files、vfork 等待、资源失败","设计方案；V2 实现与验证待独立验收","https://github.com/torvalds/linux/blob/v6.12/arch/x86/entry/syscalls/syscall_64.tbl"
"v6.12","x86-64 LP64 (common)","58","vfork","sys_vfork","13","Process / Task / AddressSpace","按 clone flags 建立进程或线程与共享关系；不同进程始终不同 worker","多线程、共享 mm/Files、vfork 等待、资源失败","设计方案；V2 实现与验证待独立验收","https://github.com/torvalds/linux/blob/v6.12/arch/x86/entry/syscalls/syscall_64.tbl"
"v6.12","x86-64 LP64 (64)","59","execve","sys_execve","14","Process / Image / Worker","候选映像准备后原子交接活动执行代次，保持 Linux 身份和 exec 规则","失败 exec、CLOEXEC、非 leader、信号与旧代次退出","设计方案；V2 实现与验证待独立验收","https://github.com/torvalds/linux/blob/v6.12/arch/x86/entry/syscalls/syscall_64.tbl"
"v6.12","x86-64 LP64 (common)","60","exit","sys_exit","10","Init Process / Task registry","维护逻辑身份、父子/会话/组关系与退出记录；wait/pidfd 观察稳定对象","收养、wait 选项、退出/停止、PID 重用、pidfd","设计方案；V2 实现与验证待独立验收","https://github.com/torvalds/linux/blob/v6.12/arch/x86/entry/syscalls/syscall_64.tbl"
"v6.12","x86-64 LP64 (common)","61","wait4","sys_wait4","10","Init Process / Task registry","维护逻辑身份、父子/会话/组关系与退出记录；wait/pidfd 观察稳定对象","收养、wait 选项、退出/停止、PID 重用、pidfd","设计方案；V2 实现与验证待独立验收","https://github.com/torvalds/linux/blob/v6.12/arch/x86/entry/syscalls/syscall_64.tbl"
"v6.12","x86-64 LP64 (common)","62","kill","sys_kill","24","Signal / Task / IoRequest","信号队列、mask、frame、停止与 restart block 按逻辑 Task 执行","RT 排队、altstack、sigreturn、短 I/O、ptrace 及 exec","设计方案；V2 实现与验证待独立验收","https://github.com/torvalds/linux/blob/v6.12/arch/x86/entry/syscalls/syscall_64.tbl"
"v6.12","x86-64 LP64 (common)","63","uname","sys_newuname","35","Environment / DeviceManager / UTS","真实虚拟系统与设备对象；端口权限只作用于虚拟总线","环境管理、设备访问、UTS 继承与 host 权限边界","设计方案；V2 实现与验证待独立验收","https://github.com/torvalds/linux/blob/v6.12/arch/x86/entry/syscalls/syscall_64.tbl"
"v6.12","x86-64 LP64 (common)","64","semget","sys_semget","31","IpcNamespace / IpcObject","SysV 集合/消息/shm、SEM_UNDO 和 POSIX MQ 的事务队列及共享 backing","数组原子性、undo、删除、消息选择、通知与额度","设计方案；V2 实现与验证待独立验收","https://github.com/torvalds/linux/blob/v6.12/arch/x86/entry/syscalls/syscall_64.tbl"
"v6.12","x86-64 LP64 (common)","65","semop","sys_semop","31","IpcNamespace / IpcObject","SysV 集合/消息/shm、SEM_UNDO 和 POSIX MQ 的事务队列及共享 backing","数组原子性、undo、删除、消息选择、通知与额度","设计方案；V2 实现与验证待独立验收","https://github.com/torvalds/linux/blob/v6.12/arch/x86/entry/syscalls/syscall_64.tbl"
"v6.12","x86-64 LP64 (common)","66","semctl","sys_semctl","31","IpcNamespace / IpcObject","SysV 集合/消息/shm、SEM_UNDO 和 POSIX MQ 的事务队列及共享 backing","数组原子性、undo、删除、消息选择、通知与额度","设计方案；V2 实现与验证待独立验收","https://github.com/torvalds/linux/blob/v6.12/arch/x86/entry/syscalls/syscall_64.tbl"
"v6.12","x86-64 LP64 (common)","67","shmdt","sys_shmdt","31","IpcNamespace / IpcObject","SysV 集合/消息/shm、SEM_UNDO 和 POSIX MQ 的事务队列及共享 backing","数组原子性、undo、删除、消息选择、通知与额度","设计方案；V2 实现与验证待独立验收","https://github.com/torvalds/linux/blob/v6.12/arch/x86/entry/syscalls/syscall_64.tbl"
"v6.12","x86-64 LP64 (common)","68","msgget","sys_msgget","31","IpcNamespace / IpcObject","SysV 集合/消息/shm、SEM_UNDO 和 POSIX MQ 的事务队列及共享 backing","数组原子性、undo、删除、消息选择、通知与额度","设计方案；V2 实现与验证待独立验收","https://github.com/torvalds/linux/blob/v6.12/arch/x86/entry/syscalls/syscall_64.tbl"
"v6.12","x86-64 LP64 (common)","69","msgsnd","sys_msgsnd","31","IpcNamespace / IpcObject","SysV 集合/消息/shm、SEM_UNDO 和 POSIX MQ 的事务队列及共享 backing","数组原子性、undo、删除、消息选择、通知与额度","设计方案；V2 实现与验证待独立验收","https://github.com/torvalds/linux/blob/v6.12/arch/x86/entry/syscalls/syscall_64.tbl"
"v6.12","x86-64 LP64 (common)","70","msgrcv","sys_msgrcv","31","IpcNamespace / IpcObject","SysV 集合/消息/shm、SEM_UNDO 和 POSIX MQ 的事务队列及共享 backing","数组原子性、undo、删除、消息选择、通知与额度","设计方案；V2 实现与验证待独立验收","https://github.com/torvalds/linux/blob/v6.12/arch/x86/entry/syscalls/syscall_64.tbl"
"v6.12","x86-64 LP64 (common)","71","msgctl","sys_msgctl","31","IpcNamespace / IpcObject","SysV 集合/消息/shm、SEM_UNDO 和 POSIX MQ 的事务队列及共享 backing","数组原子性、undo、删除、消息选择、通知与额度","设计方案；V2 实现与验证待独立验收","https://github.com/torvalds/linux/blob/v6.12/arch/x86/entry/syscalls/syscall_64.tbl"
"v6.12","x86-64 LP64 (common)","72","fcntl","sys_fcntl","17","Files / OpenDescription","操作带 generation 的 fd/OFD 引用；fcntl/锁子命令进入其有类型状态机","dup/close/fork/exec、fd 重用、锁和异步 owner","设计方案；V2 实现与验证待独立验收","https://github.com/torvalds/linux/blob/v6.12/arch/x86/entry/syscalls/syscall_64.tbl"
"v6.12","x86-64 LP64 (common)","73","flock","sys_flock","17","Files / OpenDescription","操作带 generation 的 fd/OFD 引用；fcntl/锁子命令进入其有类型状态机","dup/close/fork/exec、fd 重用、锁和异步 owner","设计方案；V2 实现与验证待独立验收","https://github.com/torvalds/linux/blob/v6.12/arch/x86/entry/syscalls/syscall_64.tbl"
"v6.12","x86-64 LP64 (common)","74","fsync","sys_fsync","16","FileObject / PageCache","统一文件内容、映射和缓存代次；flush/truncate/copy 通过请求执行器及文件事务完成","内容/映射一致、空洞、短传输、崩溃与持久性","设计方案；V2 实现与验证待独立验收","https://github.com/torvalds/linux/blob/v6.12/arch/x86/entry/syscalls/syscall_64.tbl"
"v6.12","x86-64 LP64 (common)","75","fdatasync","sys_fdatasync","16","FileObject / PageCache","统一文件内容、映射和缓存代次；flush/truncate/copy 通过请求执行器及文件事务完成","内容/映射一致、空洞、短传输、崩溃与持久性","设计方案；V2 实现与验证待独立验收","https://github.com/torvalds/linux/blob/v6.12/arch/x86/entry/syscalls/syscall_64.tbl"
"v6.12","x86-64 LP64 (common)","76","truncate","sys_truncate","16","FileObject / PageCache","统一文件内容、映射和缓存代次；flush/truncate/copy 通过请求执行器及文件事务完成","内容/映射一致、空洞、短传输、崩溃与持久性","设计方案；V2 实现与验证待独立验收","https://github.com/torvalds/linux/blob/v6.12/arch/x86/entry/syscalls/syscall_64.tbl"
"v6.12","x86-64 LP64 (common)","77","ftruncate","sys_ftruncate","16","FileObject / PageCache","统一文件内容、映射和缓存代次；flush/truncate/copy 通过请求执行器及文件事务完成","内容/映射一致、空洞、短传输、崩溃与持久性","设计方案；V2 实现与验证待独立验收","https://github.com/torvalds/linux/blob/v6.12/arch/x86/entry/syscalls/syscall_64.tbl"
"v6.12","x86-64 LP64 (common)","78","getdents","sys_getdents","16","VFS / Inode / FsContext","路径解析和 inode/dentry 事务执行；权限、旧 fd 存续及日志一致性统一处理","dirfd/symlink/root 边界、权限、并发 rename、失败恢复","设计方案；V2 实现与验证待独立验收","https://github.com/torvalds/linux/blob/v6.12/arch/x86/entry/syscalls/syscall_64.tbl"
"v6.12","x86-64 LP64 (common)","79","getcwd","sys_getcwd","16","VFS / Inode / FsContext","路径解析和 inode/dentry 事务执行；权限、旧 fd 存续及日志一致性统一处理","dirfd/symlink/root 边界、权限、并发 rename、失败恢复","设计方案；V2 实现与验证待独立验收","https://github.com/torvalds/linux/blob/v6.12/arch/x86/entry/syscalls/syscall_64.tbl"
"v6.12","x86-64 LP64 (common)","80","chdir","sys_chdir","16","VFS / Inode / FsContext","路径解析和 inode/dentry 事务执行；权限、旧 fd 存续及日志一致性统一处理","dirfd/symlink/root 边界、权限、并发 rename、失败恢复","设计方案；V2 实现与验证待独立验收","https://github.com/torvalds/linux/blob/v6.12/arch/x86/entry/syscalls/syscall_64.tbl"
"v6.12","x86-64 LP64 (common)","81","fchdir","sys_fchdir","16","VFS / Inode / FsContext","路径解析和 inode/dentry 事务执行；权限、旧 fd 存续及日志一致性统一处理","dirfd/symlink/root 边界、权限、并发 rename、失败恢复","设计方案；V2 实现与验证待独立验收","https://github.com/torvalds/linux/blob/v6.12/arch/x86/entry/syscalls/syscall_64.tbl"
"v6.12","x86-64 LP64 (common)","82","rename","sys_rename","16","VFS / Inode / FsContext","路径解析和 inode/dentry 事务执行；权限、旧 fd 存续及日志一致性统一处理","dirfd/symlink/root 边界、权限、并发 rename、失败恢复","设计方案；V2 实现与验证待独立验收","https://github.com/torvalds/linux/blob/v6.12/arch/x86/entry/syscalls/syscall_64.tbl"
"v6.12","x86-64 LP64 (common)","83","mkdir","sys_mkdir","16","VFS / Inode / FsContext","路径解析和 inode/dentry 事务执行；权限、旧 fd 存续及日志一致性统一处理","dirfd/symlink/root 边界、权限、并发 rename、失败恢复","设计方案；V2 实现与验证待独立验收","https://github.com/torvalds/linux/blob/v6.12/arch/x86/entry/syscalls/syscall_64.tbl"
"v6.12","x86-64 LP64 (common)","84","rmdir","sys_rmdir","16","VFS / Inode / FsContext","路径解析和 inode/dentry 事务执行；权限、旧 fd 存续及日志一致性统一处理","dirfd/symlink/root 边界、权限、并发 rename、失败恢复","设计方案；V2 实现与验证待独立验收","https://github.com/torvalds/linux/blob/v6.12/arch/x86/entry/syscalls/syscall_64.tbl"
"v6.12","x86-64 LP64 (common)","85","creat","sys_creat","16","VFS / Inode / FsContext","路径解析和 inode/dentry 事务执行；权限、旧 fd 存续及日志一致性统一处理","dirfd/symlink/root 边界、权限、并发 rename、失败恢复","设计方案；V2 实现与验证待独立验收","https://github.com/torvalds/linux/blob/v6.12/arch/x86/entry/syscalls/syscall_64.tbl"
"v6.12","x86-64 LP64 (common)","86","link","sys_link","16","VFS / Inode / FsContext","路径解析和 inode/dentry 事务执行；权限、旧 fd 存续及日志一致性统一处理","dirfd/symlink/root 边界、权限、并发 rename、失败恢复","设计方案；V2 实现与验证待独立验收","https://github.com/torvalds/linux/blob/v6.12/arch/x86/entry/syscalls/syscall_64.tbl"
"v6.12","x86-64 LP64 (common)","87","unlink","sys_unlink","16","VFS / Inode / FsContext","路径解析和 inode/dentry 事务执行；权限、旧 fd 存续及日志一致性统一处理","dirfd/symlink/root 边界、权限、并发 rename、失败恢复","设计方案；V2 实现与验证待独立验收","https://github.com/torvalds/linux/blob/v6.12/arch/x86/entry/syscalls/syscall_64.tbl"
"v6.12","x86-64 LP64 (common)","88","symlink","sys_symlink","16","VFS / Inode / FsContext","路径解析和 inode/dentry 事务执行；权限、旧 fd 存续及日志一致性统一处理","dirfd/symlink/root 边界、权限、并发 rename、失败恢复","设计方案；V2 实现与验证待独立验收","https://github.com/torvalds/linux/blob/v6.12/arch/x86/entry/syscalls/syscall_64.tbl"
"v6.12","x86-64 LP64 (common)","89","readlink","sys_readlink","16","VFS / Inode / FsContext","路径解析和 inode/dentry 事务执行；权限、旧 fd 存续及日志一致性统一处理","dirfd/symlink/root 边界、权限、并发 rename、失败恢复","设计方案；V2 实现与验证待独立验收","https://github.com/torvalds/linux/blob/v6.12/arch/x86/entry/syscalls/syscall_64.tbl"
"v6.12","x86-64 LP64 (common)","90","chmod","sys_chmod","16","VFS / Inode / FsContext","路径解析和 inode/dentry 事务执行；权限、旧 fd 存续及日志一致性统一处理","dirfd/symlink/root 边界、权限、并发 rename、失败恢复","设计方案；V2 实现与验证待独立验收","https://github.com/torvalds/linux/blob/v6.12/arch/x86/entry/syscalls/syscall_64.tbl"
"v6.12","x86-64 LP64 (common)","91","fchmod","sys_fchmod","16","VFS / Inode / FsContext","路径解析和 inode/dentry 事务执行；权限、旧 fd 存续及日志一致性统一处理","dirfd/symlink/root 边界、权限、并发 rename、失败恢复","设计方案；V2 实现与验证待独立验收","https://github.com/torvalds/linux/blob/v6.12/arch/x86/entry/syscalls/syscall_64.tbl"
"v6.12","x86-64 LP64 (common)","92","chown","sys_chown","16","VFS / Inode / FsContext","路径解析和 inode/dentry 事务执行；权限、旧 fd 存续及日志一致性统一处理","dirfd/symlink/root 边界、权限、并发 rename、失败恢复","设计方案；V2 实现与验证待独立验收","https://github.com/torvalds/linux/blob/v6.12/arch/x86/entry/syscalls/syscall_64.tbl"
"v6.12","x86-64 LP64 (common)","93","fchown","sys_fchown","16","VFS / Inode / FsContext","路径解析和 inode/dentry 事务执行；权限、旧 fd 存续及日志一致性统一处理","dirfd/symlink/root 边界、权限、并发 rename、失败恢复","设计方案；V2 实现与验证待独立验收","https://github.com/torvalds/linux/blob/v6.12/arch/x86/entry/syscalls/syscall_64.tbl"
"v6.12","x86-64 LP64 (common)","94","lchown","sys_lchown","16","VFS / Inode / FsContext","路径解析和 inode/dentry 事务执行；权限、旧 fd 存续及日志一致性统一处理","dirfd/symlink/root 边界、权限、并发 rename、失败恢复","设计方案；V2 实现与验证待独立验收","https://github.com/torvalds/linux/blob/v6.12/arch/x86/entry/syscalls/syscall_64.tbl"
"v6.12","x86-64 LP64 (common)","95","umask","sys_umask","16","VFS / Inode / FsContext","路径解析和 inode/dentry 事务执行；权限、旧 fd 存续及日志一致性统一处理","dirfd/symlink/root 边界、权限、并发 rename、失败恢复","设计方案；V2 实现与验证待独立验收","https://github.com/torvalds/linux/blob/v6.12/arch/x86/entry/syscalls/syscall_64.tbl"
"v6.12","x86-64 LP64 (common)","96","gettimeofday","sys_gettimeofday","25","Clock / Timer","统一客体时钟域与 CPU 计时，维护 timer/deadline/校时和通知","clock ID、休眠/校时、overrun、CPU timer、超时竞态","设计方案；V2 实现与验证待独立验收","https://github.com/torvalds/linux/blob/v6.12/arch/x86/entry/syscalls/syscall_64.tbl"
"v6.12","x86-64 LP64 (common)","97","getrlimit","sys_getrlimit","27","Cgroup / ResourceController","按 Task 和对象预算检查、分配及累计真实客体资源状态","软硬限额、超限、回收、层级统计和退出","设计方案；V2 实现与验证待独立验收","https://github.com/torvalds/linux/blob/v6.12/arch/x86/entry/syscalls/syscall_64.tbl"
"v6.12","x86-64 LP64 (common)","98","getrusage","sys_getrusage","27","Cgroup / ResourceController","按 Task 和对象预算检查、分配及累计真实客体资源状态","软硬限额、超限、回收、层级统计和退出","设计方案；V2 实现与验证待独立验收","https://github.com/torvalds/linux/blob/v6.12/arch/x86/entry/syscalls/syscall_64.tbl"
"v6.12","x86-64 LP64 (common)","99","sysinfo","sys_sysinfo","35","Environment / DeviceManager / UTS","真实虚拟系统与设备对象；端口权限只作用于虚拟总线","环境管理、设备访问、UTS 继承与 host 权限边界","设计方案；V2 实现与验证待独立验收","https://github.com/torvalds/linux/blob/v6.12/arch/x86/entry/syscalls/syscall_64.tbl"
"v6.12","x86-64 LP64 (common)","100","times","sys_times","25","Clock / Timer","统一客体时钟域与 CPU 计时，维护 timer/deadline/校时和通知","clock ID、休眠/校时、overrun、CPU timer、超时竞态","设计方案；V2 实现与验证待独立验收","https://github.com/torvalds/linux/blob/v6.12/arch/x86/entry/syscalls/syscall_64.tbl"
"v6.12","x86-64 LP64 (64)","101","ptrace","sys_ptrace","34","Tracer / PerfEvent / GuestMemory","guest stop、寄存器/内存与事件 ring；虚拟 PMU 和真实宿主 PMU 分开","ptrace stop/wait、单步、信号、采样、权限和对象比较","设计方案；V2 实现与验证待独立验收","https://github.com/torvalds/linux/blob/v6.12/arch/x86/entry/syscalls/syscall_64.tbl"
"v6.12","x86-64 LP64 (common)","102","getuid","sys_getuid","33","Credentials / Policy","Task 凭据与 capability 对象执行身份变更、权限和继承","real/effective/saved/fs 身份、groups、namespace 和 exec","设计方案；V2 实现与验证待独立验收","https://github.com/torvalds/linux/blob/v6.12/arch/x86/entry/syscalls/syscall_64.tbl"
"v6.12","x86-64 LP64 (common)","103","syslog","sys_syslog","34","Log / Accounting","生成带客体身份与时钟的内核日志/退出计费事件","队列、权限、读取/清除、持久化和退出","设计方案；V2 实现与验证待独立验收","https://github.com/torvalds/linux/blob/v6.12/arch/x86/entry/syscalls/syscall_64.tbl"
"v6.12","x86-64 LP64 (common)","104","getgid","sys_getgid","33","Credentials / Policy","Task 凭据与 capability 对象执行身份变更、权限和继承","real/effective/saved/fs 身份、groups、namespace 和 exec","设计方案；V2 实现与验证待独立验收","https://github.com/torvalds/linux/blob/v6.12/arch/x86/entry/syscalls/syscall_64.tbl"
"v6.12","x86-64 LP64 (common)","105","setuid","sys_setuid","33","Credentials / Policy","Task 凭据与 capability 对象执行身份变更、权限和继承","real/effective/saved/fs 身份、groups、namespace 和 exec","设计方案；V2 实现与验证待独立验收","https://github.com/torvalds/linux/blob/v6.12/arch/x86/entry/syscalls/syscall_64.tbl"
"v6.12","x86-64 LP64 (common)","106","setgid","sys_setgid","33","Credentials / Policy","Task 凭据与 capability 对象执行身份变更、权限和继承","real/effective/saved/fs 身份、groups、namespace 和 exec","设计方案；V2 实现与验证待独立验收","https://github.com/torvalds/linux/blob/v6.12/arch/x86/entry/syscalls/syscall_64.tbl"
"v6.12","x86-64 LP64 (common)","107","geteuid","sys_geteuid","33","Credentials / Policy","Task 凭据与 capability 对象执行身份变更、权限和继承","real/effective/saved/fs 身份、groups、namespace 和 exec","设计方案；V2 实现与验证待独立验收","https://github.com/torvalds/linux/blob/v6.12/arch/x86/entry/syscalls/syscall_64.tbl"
"v6.12","x86-64 LP64 (common)","108","getegid","sys_getegid","33","Credentials / Policy","Task 凭据与 capability 对象执行身份变更、权限和继承","real/effective/saved/fs 身份、groups、namespace 和 exec","设计方案；V2 实现与验证待独立验收","https://github.com/torvalds/linux/blob/v6.12/arch/x86/entry/syscalls/syscall_64.tbl"
"v6.12","x86-64 LP64 (common)","109","setpgid","sys_setpgid","10","Init Process / Task registry","维护逻辑身份、父子/会话/组关系与退出记录；wait/pidfd 观察稳定对象","收养、wait 选项、退出/停止、PID 重用、pidfd","设计方案；V2 实现与验证待独立验收","https://github.com/torvalds/linux/blob/v6.12/arch/x86/entry/syscalls/syscall_64.tbl"
"v6.12","x86-64 LP64 (common)","110","getppid","sys_getppid","10","Init Process / Task registry","维护逻辑身份、父子/会话/组关系与退出记录；wait/pidfd 观察稳定对象","收养、wait 选项、退出/停止、PID 重用、pidfd","设计方案；V2 实现与验证待独立验收","https://github.com/torvalds/linux/blob/v6.12/arch/x86/entry/syscalls/syscall_64.tbl"
"v6.12","x86-64 LP64 (common)","111","getpgrp","sys_getpgrp","10","Init Process / Task registry","维护逻辑身份、父子/会话/组关系与退出记录；wait/pidfd 观察稳定对象","收养、wait 选项、退出/停止、PID 重用、pidfd","设计方案；V2 实现与验证待独立验收","https://github.com/torvalds/linux/blob/v6.12/arch/x86/entry/syscalls/syscall_64.tbl"
"v6.12","x86-64 LP64 (common)","112","setsid","sys_setsid","10","Init Process / Task registry","维护逻辑身份、父子/会话/组关系与退出记录；wait/pidfd 观察稳定对象","收养、wait 选项、退出/停止、PID 重用、pidfd","设计方案；V2 实现与验证待独立验收","https://github.com/torvalds/linux/blob/v6.12/arch/x86/entry/syscalls/syscall_64.tbl"
"v6.12","x86-64 LP64 (common)","113","setreuid","sys_setreuid","33","Credentials / Policy","Task 凭据与 capability 对象执行身份变更、权限和继承","real/effective/saved/fs 身份、groups、namespace 和 exec","设计方案；V2 实现与验证待独立验收","https://github.com/torvalds/linux/blob/v6.12/arch/x86/entry/syscalls/syscall_64.tbl"
"v6.12","x86-64 LP64 (common)","114","setregid","sys_setregid","33","Credentials / Policy","Task 凭据与 capability 对象执行身份变更、权限和继承","real/effective/saved/fs 身份、groups、namespace 和 exec","设计方案；V2 实现与验证待独立验收","https://github.com/torvalds/linux/blob/v6.12/arch/x86/entry/syscalls/syscall_64.tbl"
"v6.12","x86-64 LP64 (common)","115","getgroups","sys_getgroups","33","Credentials / Policy","Task 凭据与 capability 对象执行身份变更、权限和继承","real/effective/saved/fs 身份、groups、namespace 和 exec","设计方案；V2 实现与验证待独立验收","https://github.com/torvalds/linux/blob/v6.12/arch/x86/entry/syscalls/syscall_64.tbl"
"v6.12","x86-64 LP64 (common)","116","setgroups","sys_setgroups","33","Credentials / Policy","Task 凭据与 capability 对象执行身份变更、权限和继承","real/effective/saved/fs 身份、groups、namespace 和 exec","设计方案；V2 实现与验证待独立验收","https://github.com/torvalds/linux/blob/v6.12/arch/x86/entry/syscalls/syscall_64.tbl"
"v6.12","x86-64 LP64 (common)","117","setresuid","sys_setresuid","33","Credentials / Policy","Task 凭据与 capability 对象执行身份变更、权限和继承","real/effective/saved/fs 身份、groups、namespace 和 exec","设计方案；V2 实现与验证待独立验收","https://github.com/torvalds/linux/blob/v6.12/arch/x86/entry/syscalls/syscall_64.tbl"
"v6.12","x86-64 LP64 (common)","118","getresuid","sys_getresuid","33","Credentials / Policy","Task 凭据与 capability 对象执行身份变更、权限和继承","real/effective/saved/fs 身份、groups、namespace 和 exec","设计方案；V2 实现与验证待独立验收","https://github.com/torvalds/linux/blob/v6.12/arch/x86/entry/syscalls/syscall_64.tbl"
"v6.12","x86-64 LP64 (common)","119","setresgid","sys_setresgid","33","Credentials / Policy","Task 凭据与 capability 对象执行身份变更、权限和继承","real/effective/saved/fs 身份、groups、namespace 和 exec","设计方案；V2 实现与验证待独立验收","https://github.com/torvalds/linux/blob/v6.12/arch/x86/entry/syscalls/syscall_64.tbl"
"v6.12","x86-64 LP64 (common)","120","getresgid","sys_getresgid","33","Credentials / Policy","Task 凭据与 capability 对象执行身份变更、权限和继承","real/effective/saved/fs 身份、groups、namespace 和 exec","设计方案；V2 实现与验证待独立验收","https://github.com/torvalds/linux/blob/v6.12/arch/x86/entry/syscalls/syscall_64.tbl"
"v6.12","x86-64 LP64 (common)","121","getpgid","sys_getpgid","10","Init Process / Task registry","维护逻辑身份、父子/会话/组关系与退出记录；wait/pidfd 观察稳定对象","收养、wait 选项、退出/停止、PID 重用、pidfd","设计方案；V2 实现与验证待独立验收","https://github.com/torvalds/linux/blob/v6.12/arch/x86/entry/syscalls/syscall_64.tbl"
"v6.12","x86-64 LP64 (common)","122","setfsuid","sys_setfsuid","33","Credentials / Policy","Task 凭据与 capability 对象执行身份变更、权限和继承","real/effective/saved/fs 身份、groups、namespace 和 exec","设计方案；V2 实现与验证待独立验收","https://github.com/torvalds/linux/blob/v6.12/arch/x86/entry/syscalls/syscall_64.tbl"
"v6.12","x86-64 LP64 (common)","123","setfsgid","sys_setfsgid","33","Credentials / Policy","Task 凭据与 capability 对象执行身份变更、权限和继承","real/effective/saved/fs 身份、groups、namespace 和 exec","设计方案；V2 实现与验证待独立验收","https://github.com/torvalds/linux/blob/v6.12/arch/x86/entry/syscalls/syscall_64.tbl"
"v6.12","x86-64 LP64 (common)","124","getsid","sys_getsid","10","Init Process / Task registry","维护逻辑身份、父子/会话/组关系与退出记录；wait/pidfd 观察稳定对象","收养、wait 选项、退出/停止、PID 重用、pidfd","设计方案；V2 实现与验证待独立验收","https://github.com/torvalds/linux/blob/v6.12/arch/x86/entry/syscalls/syscall_64.tbl"
"v6.12","x86-64 LP64 (common)","125","capget","sys_capget","33","Credentials / Policy","Task 凭据与 capability 对象执行身份变更、权限和继承","real/effective/saved/fs 身份、groups、namespace 和 exec","设计方案；V2 实现与验证待独立验收","https://github.com/torvalds/linux/blob/v6.12/arch/x86/entry/syscalls/syscall_64.tbl"
"v6.12","x86-64 LP64 (common)","126","capset","sys_capset","33","Credentials / Policy","Task 凭据与 capability 对象执行身份变更、权限和继承","real/effective/saved/fs 身份、groups、namespace 和 exec","设计方案；V2 实现与验证待独立验收","https://github.com/torvalds/linux/blob/v6.12/arch/x86/entry/syscalls/syscall_64.tbl"
"v6.12","x86-64 LP64 (64)","127","rt_sigpending","sys_rt_sigpending","24","Signal / Task / IoRequest","信号队列、mask、frame、停止与 restart block 按逻辑 Task 执行","RT 排队、altstack、sigreturn、短 I/O、ptrace 及 exec","设计方案；V2 实现与验证待独立验收","https://github.com/torvalds/linux/blob/v6.12/arch/x86/entry/syscalls/syscall_64.tbl"
"v6.12","x86-64 LP64 (64)","128","rt_sigtimedwait","sys_rt_sigtimedwait","24","Signal / Task / IoRequest","信号队列、mask、frame、停止与 restart block 按逻辑 Task 执行","RT 排队、altstack、sigreturn、短 I/O、ptrace 及 exec","设计方案；V2 实现与验证待独立验收","https://github.com/torvalds/linux/blob/v6.12/arch/x86/entry/syscalls/syscall_64.tbl"
"v6.12","x86-64 LP64 (64)","129","rt_sigqueueinfo","sys_rt_sigqueueinfo","24","Signal / Task / IoRequest","信号队列、mask、frame、停止与 restart block 按逻辑 Task 执行","RT 排队、altstack、sigreturn、短 I/O、ptrace 及 exec","设计方案；V2 实现与验证待独立验收","https://github.com/torvalds/linux/blob/v6.12/arch/x86/entry/syscalls/syscall_64.tbl"
"v6.12","x86-64 LP64 (common)","130","rt_sigsuspend","sys_rt_sigsuspend","24","Signal / Task / IoRequest","信号队列、mask、frame、停止与 restart block 按逻辑 Task 执行","RT 排队、altstack、sigreturn、短 I/O、ptrace 及 exec","设计方案；V2 实现与验证待独立验收","https://github.com/torvalds/linux/blob/v6.12/arch/x86/entry/syscalls/syscall_64.tbl"
"v6.12","x86-64 LP64 (64)","131","sigaltstack","sys_sigaltstack","24","Signal / Task / IoRequest","信号队列、mask、frame、停止与 restart block 按逻辑 Task 执行","RT 排队、altstack、sigreturn、短 I/O、ptrace 及 exec","设计方案；V2 实现与验证待独立验收","https://github.com/torvalds/linux/blob/v6.12/arch/x86/entry/syscalls/syscall_64.tbl"
"v6.12","x86-64 LP64 (common)","132","utime","sys_utime","16","VFS / Inode / FsContext","路径解析和 inode/dentry 事务执行；权限、旧 fd 存续及日志一致性统一处理","dirfd/symlink/root 边界、权限、并发 rename、失败恢复","设计方案；V2 实现与验证待独立验收","https://github.com/torvalds/linux/blob/v6.12/arch/x86/entry/syscalls/syscall_64.tbl"
"v6.12","x86-64 LP64 (common)","133","mknod","sys_mknod","32","FileExtension / Device / Mount","按对象执行文件命令；extent/文件身份/配额/设备分发不依赖宿主同名 ioctl","子命令布局、权限、文件身份代次、extent 与实际设备行为","设计方案；V2 实现与验证待独立验收","https://github.com/torvalds/linux/blob/v6.12/arch/x86/entry/syscalls/syscall_64.tbl"
"v6.12","x86-64 LP64 (64)","134","uselib","","36","Linux ABI 版本契约","上游该架构表无实现入口或指定 sys_ni_syscall，遵循目标 ABI；与项目未实现功能分开登记","核对固定版本与架构的上游表和真实 Linux 返回行为","Linux 保留/废弃槽","https://github.com/torvalds/linux/blob/v6.12/arch/x86/entry/syscalls/syscall_64.tbl"
"v6.12","x86-64 LP64 (common)","135","personality","sys_personality","28","Engine / GuestArchProfile","按客体 personality 选择已登记的地址布局/执行标志并保存继承状态","flags、地址布局、fork/exec 与 CPU profile","设计方案；V2 实现与验证待独立验收","https://github.com/torvalds/linux/blob/v6.12/arch/x86/entry/syscalls/syscall_64.tbl"
"v6.12","x86-64 LP64 (common)","136","ustat","sys_ustat","16","VFS / Inode / FsContext","路径解析和 inode/dentry 事务执行；权限、旧 fd 存续及日志一致性统一处理","dirfd/symlink/root 边界、权限、并发 rename、失败恢复","设计方案；V2 实现与验证待独立验收","https://github.com/torvalds/linux/blob/v6.12/arch/x86/entry/syscalls/syscall_64.tbl"
"v6.12","x86-64 LP64 (common)","137","statfs","sys_statfs","16","VFS / Inode / FsContext","路径解析和 inode/dentry 事务执行；权限、旧 fd 存续及日志一致性统一处理","dirfd/symlink/root 边界、权限、并发 rename、失败恢复","设计方案；V2 实现与验证待独立验收","https://github.com/torvalds/linux/blob/v6.12/arch/x86/entry/syscalls/syscall_64.tbl"
"v6.12","x86-64 LP64 (common)","138","fstatfs","sys_fstatfs","16","VFS / Inode / FsContext","路径解析和 inode/dentry 事务执行；权限、旧 fd 存续及日志一致性统一处理","dirfd/symlink/root 边界、权限、并发 rename、失败恢复","设计方案；V2 实现与验证待独立验收","https://github.com/torvalds/linux/blob/v6.12/arch/x86/entry/syscalls/syscall_64.tbl"
"v6.12","x86-64 LP64 (common)","139","sysfs","sys_sysfs","35","Environment / DeviceManager / UTS","真实虚拟系统与设备对象；端口权限只作用于虚拟总线","环境管理、设备访问、UTS 继承与 host 权限边界","设计方案；V2 实现与验证待独立验收","https://github.com/torvalds/linux/blob/v6.12/arch/x86/entry/syscalls/syscall_64.tbl"
"v6.12","x86-64 LP64 (common)","140","getpriority","sys_getpriority","29","TaskScheduler / Rseq","运行资格、优先级/预算/CPU 集合与 rseq 临界区管理","FIFO/RR/DEADLINE、PI、亲和性、rseq 抢占和信号","设计方案；V2 实现与验证待独立验收","https://github.com/torvalds/linux/blob/v6.12/arch/x86/entry/syscalls/syscall_64.tbl"
"v6.12","x86-64 LP64 (common)","141","setpriority","sys_setpriority","29","TaskScheduler / Rseq","运行资格、优先级/预算/CPU 集合与 rseq 临界区管理","FIFO/RR/DEADLINE、PI、亲和性、rseq 抢占和信号","设计方案；V2 实现与验证待独立验收","https://github.com/torvalds/linux/blob/v6.12/arch/x86/entry/syscalls/syscall_64.tbl"
"v6.12","x86-64 LP64 (common)","142","sched_setparam","sys_sched_setparam","29","TaskScheduler / Rseq","运行资格、优先级/预算/CPU 集合与 rseq 临界区管理","FIFO/RR/DEADLINE、PI、亲和性、rseq 抢占和信号","设计方案；V2 实现与验证待独立验收","https://github.com/torvalds/linux/blob/v6.12/arch/x86/entry/syscalls/syscall_64.tbl"
"v6.12","x86-64 LP64 (common)","143","sched_getparam","sys_sched_getparam","29","TaskScheduler / Rseq","运行资格、优先级/预算/CPU 集合与 rseq 临界区管理","FIFO/RR/DEADLINE、PI、亲和性、rseq 抢占和信号","设计方案；V2 实现与验证待独立验收","https://github.com/torvalds/linux/blob/v6.12/arch/x86/entry/syscalls/syscall_64.tbl"
"v6.12","x86-64 LP64 (common)","144","sched_setscheduler","sys_sched_setscheduler","29","TaskScheduler / Rseq","运行资格、优先级/预算/CPU 集合与 rseq 临界区管理","FIFO/RR/DEADLINE、PI、亲和性、rseq 抢占和信号","设计方案；V2 实现与验证待独立验收","https://github.com/torvalds/linux/blob/v6.12/arch/x86/entry/syscalls/syscall_64.tbl"
"v6.12","x86-64 LP64 (common)","145","sched_getscheduler","sys_sched_getscheduler","29","TaskScheduler / Rseq","运行资格、优先级/预算/CPU 集合与 rseq 临界区管理","FIFO/RR/DEADLINE、PI、亲和性、rseq 抢占和信号","设计方案；V2 实现与验证待独立验收","https://github.com/torvalds/linux/blob/v6.12/arch/x86/entry/syscalls/syscall_64.tbl"
"v6.12","x86-64 LP64 (common)","146","sched_get_priority_max","sys_sched_get_priority_max","29","TaskScheduler / Rseq","运行资格、优先级/预算/CPU 集合与 rseq 临界区管理","FIFO/RR/DEADLINE、PI、亲和性、rseq 抢占和信号","设计方案；V2 实现与验证待独立验收","https://github.com/torvalds/linux/blob/v6.12/arch/x86/entry/syscalls/syscall_64.tbl"
"v6.12","x86-64 LP64 (common)","147","sched_get_priority_min","sys_sched_get_priority_min","29","TaskScheduler / Rseq","运行资格、优先级/预算/CPU 集合与 rseq 临界区管理","FIFO/RR/DEADLINE、PI、亲和性、rseq 抢占和信号","设计方案；V2 实现与验证待独立验收","https://github.com/torvalds/linux/blob/v6.12/arch/x86/entry/syscalls/syscall_64.tbl"
"v6.12","x86-64 LP64 (common)","148","sched_rr_get_interval","sys_sched_rr_get_interval","29","TaskScheduler / Rseq","运行资格、优先级/预算/CPU 集合与 rseq 临界区管理","FIFO/RR/DEADLINE、PI、亲和性、rseq 抢占和信号","设计方案；V2 实现与验证待独立验收","https://github.com/torvalds/linux/blob/v6.12/arch/x86/entry/syscalls/syscall_64.tbl"
"v6.12","x86-64 LP64 (common)","149","mlock","sys_mlock","30","Pager / GuestArchState","受管理页、权限、缺页队列、NUMA/锁页/swap 与架构状态实现语义","各子命令、fault/映射竞争、charge、权限和上下文","设计方案；V2 实现与验证待独立验收","https://github.com/torvalds/linux/blob/v6.12/arch/x86/entry/syscalls/syscall_64.tbl"
"v6.12","x86-64 LP64 (common)","150","munlock","sys_munlock","30","Pager / GuestArchState","受管理页、权限、缺页队列、NUMA/锁页/swap 与架构状态实现语义","各子命令、fault/映射竞争、charge、权限和上下文","设计方案；V2 实现与验证待独立验收","https://github.com/torvalds/linux/blob/v6.12/arch/x86/entry/syscalls/syscall_64.tbl"
"v6.12","x86-64 LP64 (common)","151","mlockall","sys_mlockall","30","Pager / GuestArchState","受管理页、权限、缺页队列、NUMA/锁页/swap 与架构状态实现语义","各子命令、fault/映射竞争、charge、权限和上下文","设计方案；V2 实现与验证待独立验收","https://github.com/torvalds/linux/blob/v6.12/arch/x86/entry/syscalls/syscall_64.tbl"
"v6.12","x86-64 LP64 (common)","152","munlockall","sys_munlockall","30","Pager / GuestArchState","受管理页、权限、缺页队列、NUMA/锁页/swap 与架构状态实现语义","各子命令、fault/映射竞争、charge、权限和上下文","设计方案；V2 实现与验证待独立验收","https://github.com/torvalds/linux/blob/v6.12/arch/x86/entry/syscalls/syscall_64.tbl"
"v6.12","x86-64 LP64 (common)","153","vhangup","sys_vhangup","26","TtyObject","控制终端与 session/进程组关联，执行挂断及其队列/信号效果","前后台、挂断、HUP/EOF、PTY 引用","设计方案；V2 实现与验证待独立验收","https://github.com/torvalds/linux/blob/v6.12/arch/x86/entry/syscalls/syscall_64.tbl"
"v6.12","x86-64 LP64 (common)","154","modify_ldt","sys_modify_ldt","30","Pager / GuestArchState","受管理页、权限、缺页队列、NUMA/锁页/swap 与架构状态实现语义","各子命令、fault/映射竞争、charge、权限和上下文","设计方案；V2 实现与验证待独立验收","https://github.com/torvalds/linux/blob/v6.12/arch/x86/entry/syscalls/syscall_64.tbl"
"v6.12","x86-64 LP64 (common)","155","pivot_root","sys_pivot_root","32","Mount / FsContextBuilder","构建和提交真实客体 mount 拓扑；新 API 的 detached 对象、属性和传播原子发布","root/传播、未提交 fd、mount 属性、失败回滚","设计方案；V2 实现与验证待独立验收","https://github.com/torvalds/linux/blob/v6.12/arch/x86/entry/syscalls/syscall_64.tbl"
"v6.12","x86-64 LP64 (64)","156","_sysctl","sys_ni_syscall","36","Linux ABI 版本契约","上游该架构表无实现入口或指定 sys_ni_syscall，遵循目标 ABI；与项目未实现功能分开登记","核对固定版本与架构的上游表和真实 Linux 返回行为","Linux 保留/废弃槽","https://github.com/torvalds/linux/blob/v6.12/arch/x86/entry/syscalls/syscall_64.tbl"
"v6.12","x86-64 LP64 (common)","157","prctl","sys_prctl","33","PolicyDomain / Program / Keyring","按子命令执行策略、程序、通知或密钥对象；所有访问与 fast gate 保留策略点","程序验证、策略实际生效、通知竞争、撤销/过期","设计方案；V2 实现与验证待独立验收","https://github.com/torvalds/linux/blob/v6.12/arch/x86/entry/syscalls/syscall_64.tbl"
"v6.12","x86-64 LP64 (common)","158","arch_prctl","sys_arch_prctl","30","Pager / GuestArchState","受管理页、权限、缺页队列、NUMA/锁页/swap 与架构状态实现语义","各子命令、fault/映射竞争、charge、权限和上下文","设计方案；V2 实现与验证待独立验收","https://github.com/torvalds/linux/blob/v6.12/arch/x86/entry/syscalls/syscall_64.tbl"
"v6.12","x86-64 LP64 (common)","159","adjtimex","sys_adjtimex","25","Clock / Timer","统一客体时钟域与 CPU 计时，维护 timer/deadline/校时和通知","clock ID、休眠/校时、overrun、CPU timer、超时竞态","设计方案；V2 实现与验证待独立验收","https://github.com/torvalds/linux/blob/v6.12/arch/x86/entry/syscalls/syscall_64.tbl"
"v6.12","x86-64 LP64 (common)","160","setrlimit","sys_setrlimit","27","Cgroup / ResourceController","按 Task 和对象预算检查、分配及累计真实客体资源状态","软硬限额、超限、回收、层级统计和退出","设计方案；V2 实现与验证待独立验收","https://github.com/torvalds/linux/blob/v6.12/arch/x86/entry/syscalls/syscall_64.tbl"
"v6.12","x86-64 LP64 (common)","161","chroot","sys_chroot","15","Namespace / Task refs","按共享及凭据约束新建、分叉或切换 namespace 引用","组合 flags、权限、fork 继承、旧对象存续","设计方案；V2 实现与验证待独立验收","https://github.com/torvalds/linux/blob/v6.12/arch/x86/entry/syscalls/syscall_64.tbl"
"v6.12","x86-64 LP64 (common)","162","sync","sys_sync","16","FileObject / PageCache","统一文件内容、映射和缓存代次；flush/truncate/copy 通过请求执行器及文件事务完成","内容/映射一致、空洞、短传输、崩溃与持久性","设计方案；V2 实现与验证待独立验收","https://github.com/torvalds/linux/blob/v6.12/arch/x86/entry/syscalls/syscall_64.tbl"
"v6.12","x86-64 LP64 (common)","163","acct","sys_acct","34","Log / Accounting","生成带客体身份与时钟的内核日志/退出计费事件","队列、权限、读取/清除、持久化和退出","设计方案；V2 实现与验证待独立验收","https://github.com/torvalds/linux/blob/v6.12/arch/x86/entry/syscalls/syscall_64.tbl"
"v6.12","x86-64 LP64 (common)","164","settimeofday","sys_settimeofday","25","Clock / Timer","统一客体时钟域与 CPU 计时，维护 timer/deadline/校时和通知","clock ID、休眠/校时、overrun、CPU timer、超时竞态","设计方案；V2 实现与验证待独立验收","https://github.com/torvalds/linux/blob/v6.12/arch/x86/entry/syscalls/syscall_64.tbl"
"v6.12","x86-64 LP64 (common)","165","mount","sys_mount","32","Mount / FsContextBuilder","构建和提交真实客体 mount 拓扑；新 API 的 detached 对象、属性和传播原子发布","root/传播、未提交 fd、mount 属性、失败回滚","设计方案；V2 实现与验证待独立验收","https://github.com/torvalds/linux/blob/v6.12/arch/x86/entry/syscalls/syscall_64.tbl"
"v6.12","x86-64 LP64 (common)","166","umount2","sys_umount","32","Mount / FsContextBuilder","构建和提交真实客体 mount 拓扑；新 API 的 detached 对象、属性和传播原子发布","root/传播、未提交 fd、mount 属性、失败回滚","设计方案；V2 实现与验证待独立验收","https://github.com/torvalds/linux/blob/v6.12/arch/x86/entry/syscalls/syscall_64.tbl"
"v6.12","x86-64 LP64 (common)","167","swapon","sys_swapon","30","Pager / GuestArchState","受管理页、权限、缺页队列、NUMA/锁页/swap 与架构状态实现语义","各子命令、fault/映射竞争、charge、权限和上下文","设计方案；V2 实现与验证待独立验收","https://github.com/torvalds/linux/blob/v6.12/arch/x86/entry/syscalls/syscall_64.tbl"
"v6.12","x86-64 LP64 (common)","168","swapoff","sys_swapoff","30","Pager / GuestArchState","受管理页、权限、缺页队列、NUMA/锁页/swap 与架构状态实现语义","各子命令、fault/映射竞争、charge、权限和上下文","设计方案；V2 实现与验证待独立验收","https://github.com/torvalds/linux/blob/v6.12/arch/x86/entry/syscalls/syscall_64.tbl"
"v6.12","x86-64 LP64 (common)","169","reboot","sys_reboot","35","Environment / DeviceManager / UTS","真实虚拟系统与设备对象；端口权限只作用于虚拟总线","环境管理、设备访问、UTS 继承与 host 权限边界","设计方案；V2 实现与验证待独立验收","https://github.com/torvalds/linux/blob/v6.12/arch/x86/entry/syscalls/syscall_64.tbl"
"v6.12","x86-64 LP64 (common)","170","sethostname","sys_sethostname","35","Environment / DeviceManager / UTS","真实虚拟系统与设备对象；端口权限只作用于虚拟总线","环境管理、设备访问、UTS 继承与 host 权限边界","设计方案；V2 实现与验证待独立验收","https://github.com/torvalds/linux/blob/v6.12/arch/x86/entry/syscalls/syscall_64.tbl"
"v6.12","x86-64 LP64 (common)","171","setdomainname","sys_setdomainname","35","Environment / DeviceManager / UTS","真实虚拟系统与设备对象；端口权限只作用于虚拟总线","环境管理、设备访问、UTS 继承与 host 权限边界","设计方案；V2 实现与验证待独立验收","https://github.com/torvalds/linux/blob/v6.12/arch/x86/entry/syscalls/syscall_64.tbl"
"v6.12","x86-64 LP64 (common)","172","iopl","sys_iopl","35","Environment / DeviceManager / UTS","真实虚拟系统与设备对象；端口权限只作用于虚拟总线","环境管理、设备访问、UTS 继承与 host 权限边界","设计方案；V2 实现与验证待独立验收","https://github.com/torvalds/linux/blob/v6.12/arch/x86/entry/syscalls/syscall_64.tbl"
"v6.12","x86-64 LP64 (common)","173","ioperm","sys_ioperm","35","Environment / DeviceManager / UTS","真实虚拟系统与设备对象；端口权限只作用于虚拟总线","环境管理、设备访问、UTS 继承与 host 权限边界","设计方案；V2 实现与验证待独立验收","https://github.com/torvalds/linux/blob/v6.12/arch/x86/entry/syscalls/syscall_64.tbl"
"v6.12","x86-64 LP64 (64)","174","create_module","","36","Linux ABI 版本契约","上游该架构表无实现入口或指定 sys_ni_syscall，遵循目标 ABI；与项目未实现功能分开登记","核对固定版本与架构的上游表和真实 Linux 返回行为","Linux 保留/废弃槽","https://github.com/torvalds/linux/blob/v6.12/arch/x86/entry/syscalls/syscall_64.tbl"
"v6.12","x86-64 LP64 (common)","175","init_module","sys_init_module","35","ModuleManager / System backend","所需功能由用户态 provider 实现；任意原生 .ko/替换 Linux 内核需要独立完整内核执行后端，不能标作本架构已解决","匹配 provider 的功能与生命周期；原生内核要求单独验证并保留约束","原生内核能力边界；不能宣称本架构已完成","https://github.com/torvalds/linux/blob/v6.12/arch/x86/entry/syscalls/syscall_64.tbl"
"v6.12","x86-64 LP64 (common)","176","delete_module","sys_delete_module","35","ModuleManager / System backend","所需功能由用户态 provider 实现；任意原生 .ko/替换 Linux 内核需要独立完整内核执行后端，不能标作本架构已解决","匹配 provider 的功能与生命周期；原生内核要求单独验证并保留约束","原生内核能力边界；不能宣称本架构已完成","https://github.com/torvalds/linux/blob/v6.12/arch/x86/entry/syscalls/syscall_64.tbl"
"v6.12","x86-64 LP64 (64)","177","get_kernel_syms","","36","Linux ABI 版本契约","上游该架构表无实现入口或指定 sys_ni_syscall，遵循目标 ABI；与项目未实现功能分开登记","核对固定版本与架构的上游表和真实 Linux 返回行为","Linux 保留/废弃槽","https://github.com/torvalds/linux/blob/v6.12/arch/x86/entry/syscalls/syscall_64.tbl"
"v6.12","x86-64 LP64 (64)","178","query_module","","36","Linux ABI 版本契约","上游该架构表无实现入口或指定 sys_ni_syscall，遵循目标 ABI；与项目未实现功能分开登记","核对固定版本与架构的上游表和真实 Linux 返回行为","Linux 保留/废弃槽","https://github.com/torvalds/linux/blob/v6.12/arch/x86/entry/syscalls/syscall_64.tbl"
"v6.12","x86-64 LP64 (common)","179","quotactl","sys_quotactl","32","FileExtension / Device / Mount","按对象执行文件命令；extent/文件身份/配额/设备分发不依赖宿主同名 ioctl","子命令布局、权限、文件身份代次、extent 与实际设备行为","设计方案；V2 实现与验证待独立验收","https://github.com/torvalds/linux/blob/v6.12/arch/x86/entry/syscalls/syscall_64.tbl"
"v6.12","x86-64 LP64 (64)","180","nfsservctl","","36","Linux ABI 版本契约","上游该架构表无实现入口或指定 sys_ni_syscall，遵循目标 ABI；与项目未实现功能分开登记","核对固定版本与架构的上游表和真实 Linux 返回行为","Linux 保留/废弃槽","https://github.com/torvalds/linux/blob/v6.12/arch/x86/entry/syscalls/syscall_64.tbl"
"v6.12","x86-64 LP64 (common)","181","getpmsg","","36","Linux ABI 版本契约","上游该架构表无实现入口或指定 sys_ni_syscall，遵循目标 ABI；与项目未实现功能分开登记","核对固定版本与架构的上游表和真实 Linux 返回行为","Linux 保留/废弃槽","https://github.com/torvalds/linux/blob/v6.12/arch/x86/entry/syscalls/syscall_64.tbl"
"v6.12","x86-64 LP64 (common)","182","putpmsg","","36","Linux ABI 版本契约","上游该架构表无实现入口或指定 sys_ni_syscall，遵循目标 ABI；与项目未实现功能分开登记","核对固定版本与架构的上游表和真实 Linux 返回行为","Linux 保留/废弃槽","https://github.com/torvalds/linux/blob/v6.12/arch/x86/entry/syscalls/syscall_64.tbl"
"v6.12","x86-64 LP64 (common)","183","afs_syscall","","36","Linux ABI 版本契约","上游该架构表无实现入口或指定 sys_ni_syscall，遵循目标 ABI；与项目未实现功能分开登记","核对固定版本与架构的上游表和真实 Linux 返回行为","Linux 保留/废弃槽","https://github.com/torvalds/linux/blob/v6.12/arch/x86/entry/syscalls/syscall_64.tbl"
"v6.12","x86-64 LP64 (common)","184","tuxcall","","36","Linux ABI 版本契约","上游该架构表无实现入口或指定 sys_ni_syscall，遵循目标 ABI；与项目未实现功能分开登记","核对固定版本与架构的上游表和真实 Linux 返回行为","Linux 保留/废弃槽","https://github.com/torvalds/linux/blob/v6.12/arch/x86/entry/syscalls/syscall_64.tbl"
"v6.12","x86-64 LP64 (common)","185","security","","36","Linux ABI 版本契约","上游该架构表无实现入口或指定 sys_ni_syscall，遵循目标 ABI；与项目未实现功能分开登记","核对固定版本与架构的上游表和真实 Linux 返回行为","Linux 保留/废弃槽","https://github.com/torvalds/linux/blob/v6.12/arch/x86/entry/syscalls/syscall_64.tbl"
"v6.12","x86-64 LP64 (common)","186","gettid","sys_gettid","10","Init Process / Task registry","维护逻辑身份、父子/会话/组关系与退出记录；wait/pidfd 观察稳定对象","收养、wait 选项、退出/停止、PID 重用、pidfd","设计方案；V2 实现与验证待独立验收","https://github.com/torvalds/linux/blob/v6.12/arch/x86/entry/syscalls/syscall_64.tbl"
"v6.12","x86-64 LP64 (common)","187","readahead","sys_readahead","16","FileObject / PageCache","统一文件内容、映射和缓存代次；flush/truncate/copy 通过请求执行器及文件事务完成","内容/映射一致、空洞、短传输、崩溃与持久性","设计方案；V2 实现与验证待独立验收","https://github.com/torvalds/linux/blob/v6.12/arch/x86/entry/syscalls/syscall_64.tbl"
"v6.12","x86-64 LP64 (common)","188","setxattr","sys_setxattr","32","Inode metadata / Policy","保存与执行 xattr 的真实含义，权限/LSM/capability/verity 效果接入操作入口","size/list、REPLACE/CREATE、权限、exec 属性、删除","设计方案；V2 实现与验证待独立验收","https://github.com/torvalds/linux/blob/v6.12/arch/x86/entry/syscalls/syscall_64.tbl"
"v6.12","x86-64 LP64 (common)","189","lsetxattr","sys_lsetxattr","32","Inode metadata / Policy","保存与执行 xattr 的真实含义，权限/LSM/capability/verity 效果接入操作入口","size/list、REPLACE/CREATE、权限、exec 属性、删除","设计方案；V2 实现与验证待独立验收","https://github.com/torvalds/linux/blob/v6.12/arch/x86/entry/syscalls/syscall_64.tbl"
"v6.12","x86-64 LP64 (common)","190","fsetxattr","sys_fsetxattr","32","Inode metadata / Policy","保存与执行 xattr 的真实含义，权限/LSM/capability/verity 效果接入操作入口","size/list、REPLACE/CREATE、权限、exec 属性、删除","设计方案；V2 实现与验证待独立验收","https://github.com/torvalds/linux/blob/v6.12/arch/x86/entry/syscalls/syscall_64.tbl"
"v6.12","x86-64 LP64 (common)","191","getxattr","sys_getxattr","32","Inode metadata / Policy","保存与执行 xattr 的真实含义，权限/LSM/capability/verity 效果接入操作入口","size/list、REPLACE/CREATE、权限、exec 属性、删除","设计方案；V2 实现与验证待独立验收","https://github.com/torvalds/linux/blob/v6.12/arch/x86/entry/syscalls/syscall_64.tbl"
"v6.12","x86-64 LP64 (common)","192","lgetxattr","sys_lgetxattr","32","Inode metadata / Policy","保存与执行 xattr 的真实含义，权限/LSM/capability/verity 效果接入操作入口","size/list、REPLACE/CREATE、权限、exec 属性、删除","设计方案；V2 实现与验证待独立验收","https://github.com/torvalds/linux/blob/v6.12/arch/x86/entry/syscalls/syscall_64.tbl"
"v6.12","x86-64 LP64 (common)","193","fgetxattr","sys_fgetxattr","32","Inode metadata / Policy","保存与执行 xattr 的真实含义，权限/LSM/capability/verity 效果接入操作入口","size/list、REPLACE/CREATE、权限、exec 属性、删除","设计方案；V2 实现与验证待独立验收","https://github.com/torvalds/linux/blob/v6.12/arch/x86/entry/syscalls/syscall_64.tbl"
"v6.12","x86-64 LP64 (common)","194","listxattr","sys_listxattr","32","Inode metadata / Policy","保存与执行 xattr 的真实含义，权限/LSM/capability/verity 效果接入操作入口","size/list、REPLACE/CREATE、权限、exec 属性、删除","设计方案；V2 实现与验证待独立验收","https://github.com/torvalds/linux/blob/v6.12/arch/x86/entry/syscalls/syscall_64.tbl"
"v6.12","x86-64 LP64 (common)","195","llistxattr","sys_llistxattr","32","Inode metadata / Policy","保存与执行 xattr 的真实含义，权限/LSM/capability/verity 效果接入操作入口","size/list、REPLACE/CREATE、权限、exec 属性、删除","设计方案；V2 实现与验证待独立验收","https://github.com/torvalds/linux/blob/v6.12/arch/x86/entry/syscalls/syscall_64.tbl"
"v6.12","x86-64 LP64 (common)","196","flistxattr","sys_flistxattr","32","Inode metadata / Policy","保存与执行 xattr 的真实含义，权限/LSM/capability/verity 效果接入操作入口","size/list、REPLACE/CREATE、权限、exec 属性、删除","设计方案；V2 实现与验证待独立验收","https://github.com/torvalds/linux/blob/v6.12/arch/x86/entry/syscalls/syscall_64.tbl"
"v6.12","x86-64 LP64 (common)","197","removexattr","sys_removexattr","32","Inode metadata / Policy","保存与执行 xattr 的真实含义，权限/LSM/capability/verity 效果接入操作入口","size/list、REPLACE/CREATE、权限、exec 属性、删除","设计方案；V2 实现与验证待独立验收","https://github.com/torvalds/linux/blob/v6.12/arch/x86/entry/syscalls/syscall_64.tbl"
"v6.12","x86-64 LP64 (common)","198","lremovexattr","sys_lremovexattr","32","Inode metadata / Policy","保存与执行 xattr 的真实含义，权限/LSM/capability/verity 效果接入操作入口","size/list、REPLACE/CREATE、权限、exec 属性、删除","设计方案；V2 实现与验证待独立验收","https://github.com/torvalds/linux/blob/v6.12/arch/x86/entry/syscalls/syscall_64.tbl"
"v6.12","x86-64 LP64 (common)","199","fremovexattr","sys_fremovexattr","32","Inode metadata / Policy","保存与执行 xattr 的真实含义，权限/LSM/capability/verity 效果接入操作入口","size/list、REPLACE/CREATE、权限、exec 属性、删除","设计方案；V2 实现与验证待独立验收","https://github.com/torvalds/linux/blob/v6.12/arch/x86/entry/syscalls/syscall_64.tbl"
"v6.12","x86-64 LP64 (common)","200","tkill","sys_tkill","24","Signal / Task / IoRequest","信号队列、mask、frame、停止与 restart block 按逻辑 Task 执行","RT 排队、altstack、sigreturn、短 I/O、ptrace 及 exec","设计方案；V2 实现与验证待独立验收","https://github.com/torvalds/linux/blob/v6.12/arch/x86/entry/syscalls/syscall_64.tbl"
"v6.12","x86-64 LP64 (common)","201","time","sys_time","25","Clock / Timer","统一客体时钟域与 CPU 计时，维护 timer/deadline/校时和通知","clock ID、休眠/校时、overrun、CPU timer、超时竞态","设计方案；V2 实现与验证待独立验收","https://github.com/torvalds/linux/blob/v6.12/arch/x86/entry/syscalls/syscall_64.tbl"
"v6.12","x86-64 LP64 (common)","202","futex","sys_futex","23","FutexTable / PiState / Task","有序 bucket、WaitGroup、robust 退出和 PI 依赖链执行所有目标操作","wait/wake/requeue/waitv、PI/owner death、超时、共享转换","设计方案；V2 实现与验证待独立验收","https://github.com/torvalds/linux/blob/v6.12/arch/x86/entry/syscalls/syscall_64.tbl"
"v6.12","x86-64 LP64 (common)","203","sched_setaffinity","sys_sched_setaffinity","29","TaskScheduler / Rseq","运行资格、优先级/预算/CPU 集合与 rseq 临界区管理","FIFO/RR/DEADLINE、PI、亲和性、rseq 抢占和信号","设计方案；V2 实现与验证待独立验收","https://github.com/torvalds/linux/blob/v6.12/arch/x86/entry/syscalls/syscall_64.tbl"
"v6.12","x86-64 LP64 (common)","204","sched_getaffinity","sys_sched_getaffinity","29","TaskScheduler / Rseq","运行资格、优先级/预算/CPU 集合与 rseq 临界区管理","FIFO/RR/DEADLINE、PI、亲和性、rseq 抢占和信号","设计方案；V2 实现与验证待独立验收","https://github.com/torvalds/linux/blob/v6.12/arch/x86/entry/syscalls/syscall_64.tbl"
"v6.12","x86-64 LP64 (64)","205","set_thread_area","","36","Linux ABI 版本契约","上游该架构表无实现入口或指定 sys_ni_syscall，遵循目标 ABI；与项目未实现功能分开登记","核对固定版本与架构的上游表和真实 Linux 返回行为","Linux 保留/废弃槽","https://github.com/torvalds/linux/blob/v6.12/arch/x86/entry/syscalls/syscall_64.tbl"
"v6.12","x86-64 LP64 (64)","206","io_setup","sys_io_setup","18","AioContext / RingObject","统一请求执行器实现异步 ABI，Windows IoRing 只加速匹配子集","opcode/flags/register、link/cancel/multishot、共享和 completion","设计方案；V2 实现与验证待独立验收","https://github.com/torvalds/linux/blob/v6.12/arch/x86/entry/syscalls/syscall_64.tbl"
"v6.12","x86-64 LP64 (common)","207","io_destroy","sys_io_destroy","18","AioContext / RingObject","统一请求执行器实现异步 ABI，Windows IoRing 只加速匹配子集","opcode/flags/register、link/cancel/multishot、共享和 completion","设计方案；V2 实现与验证待独立验收","https://github.com/torvalds/linux/blob/v6.12/arch/x86/entry/syscalls/syscall_64.tbl"
"v6.12","x86-64 LP64 (common)","208","io_getevents","sys_io_getevents","18","AioContext / RingObject","统一请求执行器实现异步 ABI，Windows IoRing 只加速匹配子集","opcode/flags/register、link/cancel/multishot、共享和 completion","设计方案；V2 实现与验证待独立验收","https://github.com/torvalds/linux/blob/v6.12/arch/x86/entry/syscalls/syscall_64.tbl"
"v6.12","x86-64 LP64 (64)","209","io_submit","sys_io_submit","18","AioContext / RingObject","统一请求执行器实现异步 ABI，Windows IoRing 只加速匹配子集","opcode/flags/register、link/cancel/multishot、共享和 completion","设计方案；V2 实现与验证待独立验收","https://github.com/torvalds/linux/blob/v6.12/arch/x86/entry/syscalls/syscall_64.tbl"
"v6.12","x86-64 LP64 (common)","210","io_cancel","sys_io_cancel","18","AioContext / RingObject","统一请求执行器实现异步 ABI，Windows IoRing 只加速匹配子集","opcode/flags/register、link/cancel/multishot、共享和 completion","设计方案；V2 实现与验证待独立验收","https://github.com/torvalds/linux/blob/v6.12/arch/x86/entry/syscalls/syscall_64.tbl"
"v6.12","x86-64 LP64 (64)","211","get_thread_area","","36","Linux ABI 版本契约","上游该架构表无实现入口或指定 sys_ni_syscall，遵循目标 ABI；与项目未实现功能分开登记","核对固定版本与架构的上游表和真实 Linux 返回行为","Linux 保留/废弃槽","https://github.com/torvalds/linux/blob/v6.12/arch/x86/entry/syscalls/syscall_64.tbl"
"v6.12","x86-64 LP64 (common)","212","lookup_dcookie","","36","Linux ABI 版本契约","上游该架构表无实现入口或指定 sys_ni_syscall，遵循目标 ABI；与项目未实现功能分开登记","核对固定版本与架构的上游表和真实 Linux 返回行为","Linux 保留/废弃槽","https://github.com/torvalds/linux/blob/v6.12/arch/x86/entry/syscalls/syscall_64.tbl"
"v6.12","x86-64 LP64 (common)","213","epoll_create","sys_epoll_create","19","ReadySource / Epoll","组合稳定就绪对象和 signal mask 等待；原生机制不可用时使用事件后端","ET/ONESHOT、fd 重用、mask 切换与丢失唤醒","设计方案；V2 实现与验证待独立验收","https://github.com/torvalds/linux/blob/v6.12/arch/x86/entry/syscalls/syscall_64.tbl"
"v6.12","x86-64 LP64 (64)","214","epoll_ctl_old","","36","Linux ABI 版本契约","上游该架构表无实现入口或指定 sys_ni_syscall，遵循目标 ABI；与项目未实现功能分开登记","核对固定版本与架构的上游表和真实 Linux 返回行为","Linux 保留/废弃槽","https://github.com/torvalds/linux/blob/v6.12/arch/x86/entry/syscalls/syscall_64.tbl"
"v6.12","x86-64 LP64 (64)","215","epoll_wait_old","","36","Linux ABI 版本契约","上游该架构表无实现入口或指定 sys_ni_syscall，遵循目标 ABI；与项目未实现功能分开登记","核对固定版本与架构的上游表和真实 Linux 返回行为","Linux 保留/废弃槽","https://github.com/torvalds/linux/blob/v6.12/arch/x86/entry/syscalls/syscall_64.tbl"
"v6.12","x86-64 LP64 (common)","216","remap_file_pages","sys_remap_file_pages","12","AddressSpace / Pager","VMA 事务与固定地址后端，跨 worker mm 使用成员屏障发布布局","拆分/合并、MAP_FIXED、共享、回滚和异步写入","设计方案；V2 实现与验证待独立验收","https://github.com/torvalds/linux/blob/v6.12/arch/x86/entry/syscalls/syscall_64.tbl"
"v6.12","x86-64 LP64 (common)","217","getdents64","sys_getdents64","16","VFS / Inode / FsContext","路径解析和 inode/dentry 事务执行；权限、旧 fd 存续及日志一致性统一处理","dirfd/symlink/root 边界、权限、并发 rename、失败恢复","设计方案；V2 实现与验证待独立验收","https://github.com/torvalds/linux/blob/v6.12/arch/x86/entry/syscalls/syscall_64.tbl"
"v6.12","x86-64 LP64 (common)","218","set_tid_address","sys_set_tid_address","23","FutexTable / PiState / Task","有序 bucket、WaitGroup、robust 退出和 PI 依赖链执行所有目标操作","wait/wake/requeue/waitv、PI/owner death、超时、共享转换","设计方案；V2 实现与验证待独立验收","https://github.com/torvalds/linux/blob/v6.12/arch/x86/entry/syscalls/syscall_64.tbl"
"v6.12","x86-64 LP64 (common)","219","restart_syscall","sys_restart_syscall","24","Signal / Task / IoRequest","信号队列、mask、frame、停止与 restart block 按逻辑 Task 执行","RT 排队、altstack、sigreturn、短 I/O、ptrace 及 exec","设计方案；V2 实现与验证待独立验收","https://github.com/torvalds/linux/blob/v6.12/arch/x86/entry/syscalls/syscall_64.tbl"
"v6.12","x86-64 LP64 (common)","220","semtimedop","sys_semtimedop","31","IpcNamespace / IpcObject","SysV 集合/消息/shm、SEM_UNDO 和 POSIX MQ 的事务队列及共享 backing","数组原子性、undo、删除、消息选择、通知与额度","设计方案；V2 实现与验证待独立验收","https://github.com/torvalds/linux/blob/v6.12/arch/x86/entry/syscalls/syscall_64.tbl"
"v6.12","x86-64 LP64 (common)","221","fadvise64","sys_fadvise64","16","FileObject / PageCache","统一文件内容、映射和缓存代次；flush/truncate/copy 通过请求执行器及文件事务完成","内容/映射一致、空洞、短传输、崩溃与持久性","设计方案；V2 实现与验证待独立验收","https://github.com/torvalds/linux/blob/v6.12/arch/x86/entry/syscalls/syscall_64.tbl"
"v6.12","x86-64 LP64 (64)","222","timer_create","sys_timer_create","25","Clock / Timer","统一客体时钟域与 CPU 计时，维护 timer/deadline/校时和通知","clock ID、休眠/校时、overrun、CPU timer、超时竞态","设计方案；V2 实现与验证待独立验收","https://github.com/torvalds/linux/blob/v6.12/arch/x86/entry/syscalls/syscall_64.tbl"
"v6.12","x86-64 LP64 (common)","223","timer_settime","sys_timer_settime","25","Clock / Timer","统一客体时钟域与 CPU 计时，维护 timer/deadline/校时和通知","clock ID、休眠/校时、overrun、CPU timer、超时竞态","设计方案；V2 实现与验证待独立验收","https://github.com/torvalds/linux/blob/v6.12/arch/x86/entry/syscalls/syscall_64.tbl"
"v6.12","x86-64 LP64 (common)","224","timer_gettime","sys_timer_gettime","25","Clock / Timer","统一客体时钟域与 CPU 计时，维护 timer/deadline/校时和通知","clock ID、休眠/校时、overrun、CPU timer、超时竞态","设计方案；V2 实现与验证待独立验收","https://github.com/torvalds/linux/blob/v6.12/arch/x86/entry/syscalls/syscall_64.tbl"
"v6.12","x86-64 LP64 (common)","225","timer_getoverrun","sys_timer_getoverrun","25","Clock / Timer","统一客体时钟域与 CPU 计时，维护 timer/deadline/校时和通知","clock ID、休眠/校时、overrun、CPU timer、超时竞态","设计方案；V2 实现与验证待独立验收","https://github.com/torvalds/linux/blob/v6.12/arch/x86/entry/syscalls/syscall_64.tbl"
"v6.12","x86-64 LP64 (common)","226","timer_delete","sys_timer_delete","25","Clock / Timer","统一客体时钟域与 CPU 计时，维护 timer/deadline/校时和通知","clock ID、休眠/校时、overrun、CPU timer、超时竞态","设计方案；V2 实现与验证待独立验收","https://github.com/torvalds/linux/blob/v6.12/arch/x86/entry/syscalls/syscall_64.tbl"
"v6.12","x86-64 LP64 (common)","227","clock_settime","sys_clock_settime","25","Clock / Timer","统一客体时钟域与 CPU 计时，维护 timer/deadline/校时和通知","clock ID、休眠/校时、overrun、CPU timer、超时竞态","设计方案；V2 实现与验证待独立验收","https://github.com/torvalds/linux/blob/v6.12/arch/x86/entry/syscalls/syscall_64.tbl"
"v6.12","x86-64 LP64 (common)","228","clock_gettime","sys_clock_gettime","25","Clock / Timer","统一客体时钟域与 CPU 计时，维护 timer/deadline/校时和通知","clock ID、休眠/校时、overrun、CPU timer、超时竞态","设计方案；V2 实现与验证待独立验收","https://github.com/torvalds/linux/blob/v6.12/arch/x86/entry/syscalls/syscall_64.tbl"
"v6.12","x86-64 LP64 (common)","229","clock_getres","sys_clock_getres","25","Clock / Timer","统一客体时钟域与 CPU 计时，维护 timer/deadline/校时和通知","clock ID、休眠/校时、overrun、CPU timer、超时竞态","设计方案；V2 实现与验证待独立验收","https://github.com/torvalds/linux/blob/v6.12/arch/x86/entry/syscalls/syscall_64.tbl"
"v6.12","x86-64 LP64 (common)","230","clock_nanosleep","sys_clock_nanosleep","25","Clock / Timer","统一客体时钟域与 CPU 计时，维护 timer/deadline/校时和通知","clock ID、休眠/校时、overrun、CPU timer、超时竞态","设计方案；V2 实现与验证待独立验收","https://github.com/torvalds/linux/blob/v6.12/arch/x86/entry/syscalls/syscall_64.tbl"
"v6.12","x86-64 LP64 (common)","231","exit_group","sys_exit_group","10","Init Process / Task registry","维护逻辑身份、父子/会话/组关系与退出记录；wait/pidfd 观察稳定对象","收养、wait 选项、退出/停止、PID 重用、pidfd","设计方案；V2 实现与验证待独立验收","https://github.com/torvalds/linux/blob/v6.12/arch/x86/entry/syscalls/syscall_64.tbl"
"v6.12","x86-64 LP64 (common)","232","epoll_wait","sys_epoll_wait","19","ReadySource / Epoll","组合稳定就绪对象和 signal mask 等待；原生机制不可用时使用事件后端","ET/ONESHOT、fd 重用、mask 切换与丢失唤醒","设计方案；V2 实现与验证待独立验收","https://github.com/torvalds/linux/blob/v6.12/arch/x86/entry/syscalls/syscall_64.tbl"
"v6.12","x86-64 LP64 (common)","233","epoll_ctl","sys_epoll_ctl","19","ReadySource / Epoll","组合稳定就绪对象和 signal mask 等待；原生机制不可用时使用事件后端","ET/ONESHOT、fd 重用、mask 切换与丢失唤醒","设计方案；V2 实现与验证待独立验收","https://github.com/torvalds/linux/blob/v6.12/arch/x86/entry/syscalls/syscall_64.tbl"
"v6.12","x86-64 LP64 (common)","234","tgkill","sys_tgkill","24","Signal / Task / IoRequest","信号队列、mask、frame、停止与 restart block 按逻辑 Task 执行","RT 排队、altstack、sigreturn、短 I/O、ptrace 及 exec","设计方案；V2 实现与验证待独立验收","https://github.com/torvalds/linux/blob/v6.12/arch/x86/entry/syscalls/syscall_64.tbl"
"v6.12","x86-64 LP64 (common)","235","utimes","sys_utimes","16","VFS / Inode / FsContext","路径解析和 inode/dentry 事务执行；权限、旧 fd 存续及日志一致性统一处理","dirfd/symlink/root 边界、权限、并发 rename、失败恢复","设计方案；V2 实现与验证待独立验收","https://github.com/torvalds/linux/blob/v6.12/arch/x86/entry/syscalls/syscall_64.tbl"
"v6.12","x86-64 LP64 (64)","236","vserver","","36","Linux ABI 版本契约","上游该架构表无实现入口或指定 sys_ni_syscall，遵循目标 ABI；与项目未实现功能分开登记","核对固定版本与架构的上游表和真实 Linux 返回行为","Linux 保留/废弃槽","https://github.com/torvalds/linux/blob/v6.12/arch/x86/entry/syscalls/syscall_64.tbl"
"v6.12","x86-64 LP64 (common)","237","mbind","sys_mbind","30","Pager / GuestArchState","受管理页、权限、缺页队列、NUMA/锁页/swap 与架构状态实现语义","各子命令、fault/映射竞争、charge、权限和上下文","设计方案；V2 实现与验证待独立验收","https://github.com/torvalds/linux/blob/v6.12/arch/x86/entry/syscalls/syscall_64.tbl"
"v6.12","x86-64 LP64 (common)","238","set_mempolicy","sys_set_mempolicy","30","Pager / GuestArchState","受管理页、权限、缺页队列、NUMA/锁页/swap 与架构状态实现语义","各子命令、fault/映射竞争、charge、权限和上下文","设计方案；V2 实现与验证待独立验收","https://github.com/torvalds/linux/blob/v6.12/arch/x86/entry/syscalls/syscall_64.tbl"
"v6.12","x86-64 LP64 (common)","239","get_mempolicy","sys_get_mempolicy","30","Pager / GuestArchState","受管理页、权限、缺页队列、NUMA/锁页/swap 与架构状态实现语义","各子命令、fault/映射竞争、charge、权限和上下文","设计方案；V2 实现与验证待独立验收","https://github.com/torvalds/linux/blob/v6.12/arch/x86/entry/syscalls/syscall_64.tbl"
"v6.12","x86-64 LP64 (common)","240","mq_open","sys_mq_open","31","IpcNamespace / IpcObject","SysV 集合/消息/shm、SEM_UNDO 和 POSIX MQ 的事务队列及共享 backing","数组原子性、undo、删除、消息选择、通知与额度","设计方案；V2 实现与验证待独立验收","https://github.com/torvalds/linux/blob/v6.12/arch/x86/entry/syscalls/syscall_64.tbl"
"v6.12","x86-64 LP64 (common)","241","mq_unlink","sys_mq_unlink","31","IpcNamespace / IpcObject","SysV 集合/消息/shm、SEM_UNDO 和 POSIX MQ 的事务队列及共享 backing","数组原子性、undo、删除、消息选择、通知与额度","设计方案；V2 实现与验证待独立验收","https://github.com/torvalds/linux/blob/v6.12/arch/x86/entry/syscalls/syscall_64.tbl"
"v6.12","x86-64 LP64 (common)","242","mq_timedsend","sys_mq_timedsend","31","IpcNamespace / IpcObject","SysV 集合/消息/shm、SEM_UNDO 和 POSIX MQ 的事务队列及共享 backing","数组原子性、undo、删除、消息选择、通知与额度","设计方案；V2 实现与验证待独立验收","https://github.com/torvalds/linux/blob/v6.12/arch/x86/entry/syscalls/syscall_64.tbl"
"v6.12","x86-64 LP64 (common)","243","mq_timedreceive","sys_mq_timedreceive","31","IpcNamespace / IpcObject","SysV 集合/消息/shm、SEM_UNDO 和 POSIX MQ 的事务队列及共享 backing","数组原子性、undo、删除、消息选择、通知与额度","设计方案；V2 实现与验证待独立验收","https://github.com/torvalds/linux/blob/v6.12/arch/x86/entry/syscalls/syscall_64.tbl"
"v6.12","x86-64 LP64 (64)","244","mq_notify","sys_mq_notify","31","IpcNamespace / IpcObject","SysV 集合/消息/shm、SEM_UNDO 和 POSIX MQ 的事务队列及共享 backing","数组原子性、undo、删除、消息选择、通知与额度","设计方案；V2 实现与验证待独立验收","https://github.com/torvalds/linux/blob/v6.12/arch/x86/entry/syscalls/syscall_64.tbl"
"v6.12","x86-64 LP64 (common)","245","mq_getsetattr","sys_mq_getsetattr","31","IpcNamespace / IpcObject","SysV 集合/消息/shm、SEM_UNDO 和 POSIX MQ 的事务队列及共享 backing","数组原子性、undo、删除、消息选择、通知与额度","设计方案；V2 实现与验证待独立验收","https://github.com/torvalds/linux/blob/v6.12/arch/x86/entry/syscalls/syscall_64.tbl"
"v6.12","x86-64 LP64 (64)","246","kexec_load","sys_kexec_load","35","ModuleManager / System backend","所需功能由用户态 provider 实现；任意原生 .ko/替换 Linux 内核需要独立完整内核执行后端，不能标作本架构已解决","匹配 provider 的功能与生命周期；原生内核要求单独验证并保留约束","原生内核能力边界；不能宣称本架构已完成","https://github.com/torvalds/linux/blob/v6.12/arch/x86/entry/syscalls/syscall_64.tbl"
"v6.12","x86-64 LP64 (64)","247","waitid","sys_waitid","10","Init Process / Task registry","维护逻辑身份、父子/会话/组关系与退出记录；wait/pidfd 观察稳定对象","收养、wait 选项、退出/停止、PID 重用、pidfd","设计方案；V2 实现与验证待独立验收","https://github.com/torvalds/linux/blob/v6.12/arch/x86/entry/syscalls/syscall_64.tbl"
"v6.12","x86-64 LP64 (common)","248","add_key","sys_add_key","33","PolicyDomain / Program / Keyring","按子命令执行策略、程序、通知或密钥对象；所有访问与 fast gate 保留策略点","程序验证、策略实际生效、通知竞争、撤销/过期","设计方案；V2 实现与验证待独立验收","https://github.com/torvalds/linux/blob/v6.12/arch/x86/entry/syscalls/syscall_64.tbl"
"v6.12","x86-64 LP64 (common)","249","request_key","sys_request_key","33","PolicyDomain / Program / Keyring","按子命令执行策略、程序、通知或密钥对象；所有访问与 fast gate 保留策略点","程序验证、策略实际生效、通知竞争、撤销/过期","设计方案；V2 实现与验证待独立验收","https://github.com/torvalds/linux/blob/v6.12/arch/x86/entry/syscalls/syscall_64.tbl"
"v6.12","x86-64 LP64 (common)","250","keyctl","sys_keyctl","33","PolicyDomain / Program / Keyring","按子命令执行策略、程序、通知或密钥对象；所有访问与 fast gate 保留策略点","程序验证、策略实际生效、通知竞争、撤销/过期","设计方案；V2 实现与验证待独立验收","https://github.com/torvalds/linux/blob/v6.12/arch/x86/entry/syscalls/syscall_64.tbl"
"v6.12","x86-64 LP64 (common)","251","ioprio_set","sys_ioprio_set","29","TaskScheduler / Rseq","运行资格、优先级/预算/CPU 集合与 rseq 临界区管理","FIFO/RR/DEADLINE、PI、亲和性、rseq 抢占和信号","设计方案；V2 实现与验证待独立验收","https://github.com/torvalds/linux/blob/v6.12/arch/x86/entry/syscalls/syscall_64.tbl"
"v6.12","x86-64 LP64 (common)","252","ioprio_get","sys_ioprio_get","29","TaskScheduler / Rseq","运行资格、优先级/预算/CPU 集合与 rseq 临界区管理","FIFO/RR/DEADLINE、PI、亲和性、rseq 抢占和信号","设计方案；V2 实现与验证待独立验收","https://github.com/torvalds/linux/blob/v6.12/arch/x86/entry/syscalls/syscall_64.tbl"
"v6.12","x86-64 LP64 (common)","253","inotify_init","sys_inotify_init","32","Inotify / Fanotify","按 VFS 提交事件、标记与等待权限回答；外部 HostFS 变化进行身份复核","rename cookie、溢出、删除、permission event 与退出","设计方案；V2 实现与验证待独立验收","https://github.com/torvalds/linux/blob/v6.12/arch/x86/entry/syscalls/syscall_64.tbl"
"v6.12","x86-64 LP64 (common)","254","inotify_add_watch","sys_inotify_add_watch","32","Inotify / Fanotify","按 VFS 提交事件、标记与等待权限回答；外部 HostFS 变化进行身份复核","rename cookie、溢出、删除、permission event 与退出","设计方案；V2 实现与验证待独立验收","https://github.com/torvalds/linux/blob/v6.12/arch/x86/entry/syscalls/syscall_64.tbl"
"v6.12","x86-64 LP64 (common)","255","inotify_rm_watch","sys_inotify_rm_watch","32","Inotify / Fanotify","按 VFS 提交事件、标记与等待权限回答；外部 HostFS 变化进行身份复核","rename cookie、溢出、删除、permission event 与退出","设计方案；V2 实现与验证待独立验收","https://github.com/torvalds/linux/blob/v6.12/arch/x86/entry/syscalls/syscall_64.tbl"
"v6.12","x86-64 LP64 (common)","256","migrate_pages","sys_migrate_pages","30","Pager / GuestArchState","受管理页、权限、缺页队列、NUMA/锁页/swap 与架构状态实现语义","各子命令、fault/映射竞争、charge、权限和上下文","设计方案；V2 实现与验证待独立验收","https://github.com/torvalds/linux/blob/v6.12/arch/x86/entry/syscalls/syscall_64.tbl"
"v6.12","x86-64 LP64 (common)","257","openat","sys_openat","16","VFS / Inode / FsContext","路径解析和 inode/dentry 事务执行；权限、旧 fd 存续及日志一致性统一处理","dirfd/symlink/root 边界、权限、并发 rename、失败恢复","设计方案；V2 实现与验证待独立验收","https://github.com/torvalds/linux/blob/v6.12/arch/x86/entry/syscalls/syscall_64.tbl"
"v6.12","x86-64 LP64 (common)","258","mkdirat","sys_mkdirat","16","VFS / Inode / FsContext","路径解析和 inode/dentry 事务执行；权限、旧 fd 存续及日志一致性统一处理","dirfd/symlink/root 边界、权限、并发 rename、失败恢复","设计方案；V2 实现与验证待独立验收","https://github.com/torvalds/linux/blob/v6.12/arch/x86/entry/syscalls/syscall_64.tbl"
"v6.12","x86-64 LP64 (common)","259","mknodat","sys_mknodat","32","FileExtension / Device / Mount","按对象执行文件命令；extent/文件身份/配额/设备分发不依赖宿主同名 ioctl","子命令布局、权限、文件身份代次、extent 与实际设备行为","设计方案；V2 实现与验证待独立验收","https://github.com/torvalds/linux/blob/v6.12/arch/x86/entry/syscalls/syscall_64.tbl"
"v6.12","x86-64 LP64 (common)","260","fchownat","sys_fchownat","16","VFS / Inode / FsContext","路径解析和 inode/dentry 事务执行；权限、旧 fd 存续及日志一致性统一处理","dirfd/symlink/root 边界、权限、并发 rename、失败恢复","设计方案；V2 实现与验证待独立验收","https://github.com/torvalds/linux/blob/v6.12/arch/x86/entry/syscalls/syscall_64.tbl"
"v6.12","x86-64 LP64 (common)","261","futimesat","sys_futimesat","16","VFS / Inode / FsContext","路径解析和 inode/dentry 事务执行；权限、旧 fd 存续及日志一致性统一处理","dirfd/symlink/root 边界、权限、并发 rename、失败恢复","设计方案；V2 实现与验证待独立验收","https://github.com/torvalds/linux/blob/v6.12/arch/x86/entry/syscalls/syscall_64.tbl"
"v6.12","x86-64 LP64 (common)","262","newfstatat","sys_newfstatat","16","VFS / Inode / FsContext","路径解析和 inode/dentry 事务执行；权限、旧 fd 存续及日志一致性统一处理","dirfd/symlink/root 边界、权限、并发 rename、失败恢复","设计方案；V2 实现与验证待独立验收","https://github.com/torvalds/linux/blob/v6.12/arch/x86/entry/syscalls/syscall_64.tbl"
"v6.12","x86-64 LP64 (common)","263","unlinkat","sys_unlinkat","16","VFS / Inode / FsContext","路径解析和 inode/dentry 事务执行；权限、旧 fd 存续及日志一致性统一处理","dirfd/symlink/root 边界、权限、并发 rename、失败恢复","设计方案；V2 实现与验证待独立验收","https://github.com/torvalds/linux/blob/v6.12/arch/x86/entry/syscalls/syscall_64.tbl"
"v6.12","x86-64 LP64 (common)","264","renameat","sys_renameat","16","VFS / Inode / FsContext","路径解析和 inode/dentry 事务执行；权限、旧 fd 存续及日志一致性统一处理","dirfd/symlink/root 边界、权限、并发 rename、失败恢复","设计方案；V2 实现与验证待独立验收","https://github.com/torvalds/linux/blob/v6.12/arch/x86/entry/syscalls/syscall_64.tbl"
"v6.12","x86-64 LP64 (common)","265","linkat","sys_linkat","16","VFS / Inode / FsContext","路径解析和 inode/dentry 事务执行；权限、旧 fd 存续及日志一致性统一处理","dirfd/symlink/root 边界、权限、并发 rename、失败恢复","设计方案；V2 实现与验证待独立验收","https://github.com/torvalds/linux/blob/v6.12/arch/x86/entry/syscalls/syscall_64.tbl"
"v6.12","x86-64 LP64 (common)","266","symlinkat","sys_symlinkat","16","VFS / Inode / FsContext","路径解析和 inode/dentry 事务执行；权限、旧 fd 存续及日志一致性统一处理","dirfd/symlink/root 边界、权限、并发 rename、失败恢复","设计方案；V2 实现与验证待独立验收","https://github.com/torvalds/linux/blob/v6.12/arch/x86/entry/syscalls/syscall_64.tbl"
"v6.12","x86-64 LP64 (common)","267","readlinkat","sys_readlinkat","16","VFS / Inode / FsContext","路径解析和 inode/dentry 事务执行；权限、旧 fd 存续及日志一致性统一处理","dirfd/symlink/root 边界、权限、并发 rename、失败恢复","设计方案；V2 实现与验证待独立验收","https://github.com/torvalds/linux/blob/v6.12/arch/x86/entry/syscalls/syscall_64.tbl"
"v6.12","x86-64 LP64 (common)","268","fchmodat","sys_fchmodat","16","VFS / Inode / FsContext","路径解析和 inode/dentry 事务执行；权限、旧 fd 存续及日志一致性统一处理","dirfd/symlink/root 边界、权限、并发 rename、失败恢复","设计方案；V2 实现与验证待独立验收","https://github.com/torvalds/linux/blob/v6.12/arch/x86/entry/syscalls/syscall_64.tbl"
"v6.12","x86-64 LP64 (common)","269","faccessat","sys_faccessat","16","VFS / Inode / FsContext","路径解析和 inode/dentry 事务执行；权限、旧 fd 存续及日志一致性统一处理","dirfd/symlink/root 边界、权限、并发 rename、失败恢复","设计方案；V2 实现与验证待独立验收","https://github.com/torvalds/linux/blob/v6.12/arch/x86/entry/syscalls/syscall_64.tbl"
"v6.12","x86-64 LP64 (common)","270","pselect6","sys_pselect6","19","ReadySource / Epoll","组合稳定就绪对象和 signal mask 等待；原生机制不可用时使用事件后端","ET/ONESHOT、fd 重用、mask 切换与丢失唤醒","设计方案；V2 实现与验证待独立验收","https://github.com/torvalds/linux/blob/v6.12/arch/x86/entry/syscalls/syscall_64.tbl"
"v6.12","x86-64 LP64 (common)","271","ppoll","sys_ppoll","19","ReadySource / Epoll","组合稳定就绪对象和 signal mask 等待；原生机制不可用时使用事件后端","ET/ONESHOT、fd 重用、mask 切换与丢失唤醒","设计方案；V2 实现与验证待独立验收","https://github.com/torvalds/linux/blob/v6.12/arch/x86/entry/syscalls/syscall_64.tbl"
"v6.12","x86-64 LP64 (common)","272","unshare","sys_unshare","15","Namespace / Task refs","按共享及凭据约束新建、分叉或切换 namespace 引用","组合 flags、权限、fork 继承、旧对象存续","设计方案；V2 实现与验证待独立验收","https://github.com/torvalds/linux/blob/v6.12/arch/x86/entry/syscalls/syscall_64.tbl"
"v6.12","x86-64 LP64 (64)","273","set_robust_list","sys_set_robust_list","23","FutexTable / PiState / Task","有序 bucket、WaitGroup、robust 退出和 PI 依赖链执行所有目标操作","wait/wake/requeue/waitv、PI/owner death、超时、共享转换","设计方案；V2 实现与验证待独立验收","https://github.com/torvalds/linux/blob/v6.12/arch/x86/entry/syscalls/syscall_64.tbl"
"v6.12","x86-64 LP64 (64)","274","get_robust_list","sys_get_robust_list","23","FutexTable / PiState / Task","有序 bucket、WaitGroup、robust 退出和 PI 依赖链执行所有目标操作","wait/wake/requeue/waitv、PI/owner death、超时、共享转换","设计方案；V2 实现与验证待独立验收","https://github.com/torvalds/linux/blob/v6.12/arch/x86/entry/syscalls/syscall_64.tbl"
"v6.12","x86-64 LP64 (common)","275","splice","sys_splice","18","IoRequest / Chunk / Pipe","共享 chunk 或有界复制实现传输，保留 pipe 容量、位置与生命周期","短传输、背压、引用转移、取消和内容校验","设计方案；V2 实现与验证待独立验收","https://github.com/torvalds/linux/blob/v6.12/arch/x86/entry/syscalls/syscall_64.tbl"
"v6.12","x86-64 LP64 (common)","276","tee","sys_tee","18","IoRequest / Chunk / Pipe","共享 chunk 或有界复制实现传输，保留 pipe 容量、位置与生命周期","短传输、背压、引用转移、取消和内容校验","设计方案；V2 实现与验证待独立验收","https://github.com/torvalds/linux/blob/v6.12/arch/x86/entry/syscalls/syscall_64.tbl"
"v6.12","x86-64 LP64 (common)","277","sync_file_range","sys_sync_file_range","16","FileObject / PageCache","统一文件内容、映射和缓存代次；flush/truncate/copy 通过请求执行器及文件事务完成","内容/映射一致、空洞、短传输、崩溃与持久性","设计方案；V2 实现与验证待独立验收","https://github.com/torvalds/linux/blob/v6.12/arch/x86/entry/syscalls/syscall_64.tbl"
"v6.12","x86-64 LP64 (64)","278","vmsplice","sys_vmsplice","18","IoRequest / Chunk / Pipe","共享 chunk 或有界复制实现传输，保留 pipe 容量、位置与生命周期","短传输、背压、引用转移、取消和内容校验","设计方案；V2 实现与验证待独立验收","https://github.com/torvalds/linux/blob/v6.12/arch/x86/entry/syscalls/syscall_64.tbl"
"v6.12","x86-64 LP64 (64)","279","move_pages","sys_move_pages","30","Pager / GuestArchState","受管理页、权限、缺页队列、NUMA/锁页/swap 与架构状态实现语义","各子命令、fault/映射竞争、charge、权限和上下文","设计方案；V2 实现与验证待独立验收","https://github.com/torvalds/linux/blob/v6.12/arch/x86/entry/syscalls/syscall_64.tbl"
"v6.12","x86-64 LP64 (common)","280","utimensat","sys_utimensat","16","VFS / Inode / FsContext","路径解析和 inode/dentry 事务执行；权限、旧 fd 存续及日志一致性统一处理","dirfd/symlink/root 边界、权限、并发 rename、失败恢复","设计方案；V2 实现与验证待独立验收","https://github.com/torvalds/linux/blob/v6.12/arch/x86/entry/syscalls/syscall_64.tbl"
"v6.12","x86-64 LP64 (common)","281","epoll_pwait","sys_epoll_pwait","19","ReadySource / Epoll","组合稳定就绪对象和 signal mask 等待；原生机制不可用时使用事件后端","ET/ONESHOT、fd 重用、mask 切换与丢失唤醒","设计方案；V2 实现与验证待独立验收","https://github.com/torvalds/linux/blob/v6.12/arch/x86/entry/syscalls/syscall_64.tbl"
"v6.12","x86-64 LP64 (common)","282","signalfd","sys_signalfd","24","Signal / Task / IoRequest","信号队列、mask、frame、停止与 restart block 按逻辑 Task 执行","RT 排队、altstack、sigreturn、短 I/O、ptrace 及 exec","设计方案；V2 实现与验证待独立验收","https://github.com/torvalds/linux/blob/v6.12/arch/x86/entry/syscalls/syscall_64.tbl"
"v6.12","x86-64 LP64 (common)","283","timerfd_create","sys_timerfd_create","22","Pipe / Eventfd / Timerfd","有界缓冲、计数或 timer 对象产生真实 readiness；继承通过稳定引用","PIPE_BUF、EOF、计数溢出、timer 累计与 fork","设计方案；V2 实现与验证待独立验收","https://github.com/torvalds/linux/blob/v6.12/arch/x86/entry/syscalls/syscall_64.tbl"
"v6.12","x86-64 LP64 (common)","284","eventfd","sys_eventfd","22","Pipe / Eventfd / Timerfd","有界缓冲、计数或 timer 对象产生真实 readiness；继承通过稳定引用","PIPE_BUF、EOF、计数溢出、timer 累计与 fork","设计方案；V2 实现与验证待独立验收","https://github.com/torvalds/linux/blob/v6.12/arch/x86/entry/syscalls/syscall_64.tbl"
"v6.12","x86-64 LP64 (common)","285","fallocate","sys_fallocate","16","FileObject / PageCache","统一文件内容、映射和缓存代次；flush/truncate/copy 通过请求执行器及文件事务完成","内容/映射一致、空洞、短传输、崩溃与持久性","设计方案；V2 实现与验证待独立验收","https://github.com/torvalds/linux/blob/v6.12/arch/x86/entry/syscalls/syscall_64.tbl"
"v6.12","x86-64 LP64 (common)","286","timerfd_settime","sys_timerfd_settime","22","Pipe / Eventfd / Timerfd","有界缓冲、计数或 timer 对象产生真实 readiness；继承通过稳定引用","PIPE_BUF、EOF、计数溢出、timer 累计与 fork","设计方案；V2 实现与验证待独立验收","https://github.com/torvalds/linux/blob/v6.12/arch/x86/entry/syscalls/syscall_64.tbl"
"v6.12","x86-64 LP64 (common)","287","timerfd_gettime","sys_timerfd_gettime","22","Pipe / Eventfd / Timerfd","有界缓冲、计数或 timer 对象产生真实 readiness；继承通过稳定引用","PIPE_BUF、EOF、计数溢出、timer 累计与 fork","设计方案；V2 实现与验证待独立验收","https://github.com/torvalds/linux/blob/v6.12/arch/x86/entry/syscalls/syscall_64.tbl"
"v6.12","x86-64 LP64 (common)","288","accept4","sys_accept4","21","SocketObject / NetNamespace","按 socket family/protocol 使用 Winsock 等价快路径、Unix transport 或用户态协议模块","协议/option、地址/凭据、阻塞/短 I/O、错误队列、继承","设计方案；V2 实现与验证待独立验收","https://github.com/torvalds/linux/blob/v6.12/arch/x86/entry/syscalls/syscall_64.tbl"
"v6.12","x86-64 LP64 (common)","289","signalfd4","sys_signalfd4","24","Signal / Task / IoRequest","信号队列、mask、frame、停止与 restart block 按逻辑 Task 执行","RT 排队、altstack、sigreturn、短 I/O、ptrace 及 exec","设计方案；V2 实现与验证待独立验收","https://github.com/torvalds/linux/blob/v6.12/arch/x86/entry/syscalls/syscall_64.tbl"
"v6.12","x86-64 LP64 (common)","290","eventfd2","sys_eventfd2","22","Pipe / Eventfd / Timerfd","有界缓冲、计数或 timer 对象产生真实 readiness；继承通过稳定引用","PIPE_BUF、EOF、计数溢出、timer 累计与 fork","设计方案；V2 实现与验证待独立验收","https://github.com/torvalds/linux/blob/v6.12/arch/x86/entry/syscalls/syscall_64.tbl"
"v6.12","x86-64 LP64 (common)","291","epoll_create1","sys_epoll_create1","19","ReadySource / Epoll","组合稳定就绪对象和 signal mask 等待；原生机制不可用时使用事件后端","ET/ONESHOT、fd 重用、mask 切换与丢失唤醒","设计方案；V2 实现与验证待独立验收","https://github.com/torvalds/linux/blob/v6.12/arch/x86/entry/syscalls/syscall_64.tbl"
"v6.12","x86-64 LP64 (common)","292","dup3","sys_dup3","17","Files / OpenDescription","操作带 generation 的 fd/OFD 引用；fcntl/锁子命令进入其有类型状态机","dup/close/fork/exec、fd 重用、锁和异步 owner","设计方案；V2 实现与验证待独立验收","https://github.com/torvalds/linux/blob/v6.12/arch/x86/entry/syscalls/syscall_64.tbl"
"v6.12","x86-64 LP64 (common)","293","pipe2","sys_pipe2","22","Pipe / Eventfd / Timerfd","有界缓冲、计数或 timer 对象产生真实 readiness；继承通过稳定引用","PIPE_BUF、EOF、计数溢出、timer 累计与 fork","设计方案；V2 实现与验证待独立验收","https://github.com/torvalds/linux/blob/v6.12/arch/x86/entry/syscalls/syscall_64.tbl"
"v6.12","x86-64 LP64 (common)","294","inotify_init1","sys_inotify_init1","32","Inotify / Fanotify","按 VFS 提交事件、标记与等待权限回答；外部 HostFS 变化进行身份复核","rename cookie、溢出、删除、permission event 与退出","设计方案；V2 实现与验证待独立验收","https://github.com/torvalds/linux/blob/v6.12/arch/x86/entry/syscalls/syscall_64.tbl"
"v6.12","x86-64 LP64 (64)","295","preadv","sys_preadv","18","IoRequest / OFD","按同步、位置型与向量 I/O 契约执行；共享位置由稳定完成 owner 提交实际字节数","短读写、iovec 边界、offset、取消和完成竞态","设计方案；V2 实现与验证待独立验收","https://github.com/torvalds/linux/blob/v6.12/arch/x86/entry/syscalls/syscall_64.tbl"
"v6.12","x86-64 LP64 (64)","296","pwritev","sys_pwritev","18","IoRequest / OFD","按同步、位置型与向量 I/O 契约执行；共享位置由稳定完成 owner 提交实际字节数","短读写、iovec 边界、offset、取消和完成竞态","设计方案；V2 实现与验证待独立验收","https://github.com/torvalds/linux/blob/v6.12/arch/x86/entry/syscalls/syscall_64.tbl"
"v6.12","x86-64 LP64 (64)","297","rt_tgsigqueueinfo","sys_rt_tgsigqueueinfo","24","Signal / Task / IoRequest","信号队列、mask、frame、停止与 restart block 按逻辑 Task 执行","RT 排队、altstack、sigreturn、短 I/O、ptrace 及 exec","设计方案；V2 实现与验证待独立验收","https://github.com/torvalds/linux/blob/v6.12/arch/x86/entry/syscalls/syscall_64.tbl"
"v6.12","x86-64 LP64 (common)","298","perf_event_open","sys_perf_event_open","34","Tracer / PerfEvent / GuestMemory","guest stop、寄存器/内存与事件 ring；虚拟 PMU 和真实宿主 PMU 分开","ptrace stop/wait、单步、信号、采样、权限和对象比较","设计方案；V2 实现与验证待独立验收","https://github.com/torvalds/linux/blob/v6.12/arch/x86/entry/syscalls/syscall_64.tbl"
"v6.12","x86-64 LP64 (64)","299","recvmmsg","sys_recvmmsg","21","SocketObject / NetNamespace","按 socket family/protocol 使用 Winsock 等价快路径、Unix transport 或用户态协议模块","协议/option、地址/凭据、阻塞/短 I/O、错误队列、继承","设计方案；V2 实现与验证待独立验收","https://github.com/torvalds/linux/blob/v6.12/arch/x86/entry/syscalls/syscall_64.tbl"
"v6.12","x86-64 LP64 (common)","300","fanotify_init","sys_fanotify_init","32","Inotify / Fanotify","按 VFS 提交事件、标记与等待权限回答；外部 HostFS 变化进行身份复核","rename cookie、溢出、删除、permission event 与退出","设计方案；V2 实现与验证待独立验收","https://github.com/torvalds/linux/blob/v6.12/arch/x86/entry/syscalls/syscall_64.tbl"
"v6.12","x86-64 LP64 (common)","301","fanotify_mark","sys_fanotify_mark","32","Inotify / Fanotify","按 VFS 提交事件、标记与等待权限回答；外部 HostFS 变化进行身份复核","rename cookie、溢出、删除、permission event 与退出","设计方案；V2 实现与验证待独立验收","https://github.com/torvalds/linux/blob/v6.12/arch/x86/entry/syscalls/syscall_64.tbl"
"v6.12","x86-64 LP64 (common)","302","prlimit64","sys_prlimit64","27","Cgroup / ResourceController","按 Task 和对象预算检查、分配及累计真实客体资源状态","软硬限额、超限、回收、层级统计和退出","设计方案；V2 实现与验证待独立验收","https://github.com/torvalds/linux/blob/v6.12/arch/x86/entry/syscalls/syscall_64.tbl"
"v6.12","x86-64 LP64 (common)","303","name_to_handle_at","sys_name_to_handle_at","32","FileExtension / Device / Mount","按对象执行文件命令；extent/文件身份/配额/设备分发不依赖宿主同名 ioctl","子命令布局、权限、文件身份代次、extent 与实际设备行为","设计方案；V2 实现与验证待独立验收","https://github.com/torvalds/linux/blob/v6.12/arch/x86/entry/syscalls/syscall_64.tbl"
"v6.12","x86-64 LP64 (common)","304","open_by_handle_at","sys_open_by_handle_at","32","FileExtension / Device / Mount","按对象执行文件命令；extent/文件身份/配额/设备分发不依赖宿主同名 ioctl","子命令布局、权限、文件身份代次、extent 与实际设备行为","设计方案；V2 实现与验证待独立验收","https://github.com/torvalds/linux/blob/v6.12/arch/x86/entry/syscalls/syscall_64.tbl"
"v6.12","x86-64 LP64 (common)","305","clock_adjtime","sys_clock_adjtime","25","Clock / Timer","统一客体时钟域与 CPU 计时，维护 timer/deadline/校时和通知","clock ID、休眠/校时、overrun、CPU timer、超时竞态","设计方案；V2 实现与验证待独立验收","https://github.com/torvalds/linux/blob/v6.12/arch/x86/entry/syscalls/syscall_64.tbl"
"v6.12","x86-64 LP64 (common)","306","syncfs","sys_syncfs","16","FileObject / PageCache","统一文件内容、映射和缓存代次；flush/truncate/copy 通过请求执行器及文件事务完成","内容/映射一致、空洞、短传输、崩溃与持久性","设计方案；V2 实现与验证待独立验收","https://github.com/torvalds/linux/blob/v6.12/arch/x86/entry/syscalls/syscall_64.tbl"
"v6.12","x86-64 LP64 (64)","307","sendmmsg","sys_sendmmsg","21","SocketObject / NetNamespace","按 socket family/protocol 使用 Winsock 等价快路径、Unix transport 或用户态协议模块","协议/option、地址/凭据、阻塞/短 I/O、错误队列、继承","设计方案；V2 实现与验证待独立验收","https://github.com/torvalds/linux/blob/v6.12/arch/x86/entry/syscalls/syscall_64.tbl"
"v6.12","x86-64 LP64 (common)","308","setns","sys_setns","15","Namespace / Task refs","按共享及凭据约束新建、分叉或切换 namespace 引用","组合 flags、权限、fork 继承、旧对象存续","设计方案；V2 实现与验证待独立验收","https://github.com/torvalds/linux/blob/v6.12/arch/x86/entry/syscalls/syscall_64.tbl"
"v6.12","x86-64 LP64 (common)","309","getcpu","sys_getcpu","29","TaskScheduler / Rseq","运行资格、优先级/预算/CPU 集合与 rseq 临界区管理","FIFO/RR/DEADLINE、PI、亲和性、rseq 抢占和信号","设计方案；V2 实现与验证待独立验收","https://github.com/torvalds/linux/blob/v6.12/arch/x86/entry/syscalls/syscall_64.tbl"
"v6.12","x86-64 LP64 (64)","310","process_vm_readv","sys_process_vm_readv","34","Tracer / PerfEvent / GuestMemory","guest stop、寄存器/内存与事件 ring；虚拟 PMU 和真实宿主 PMU 分开","ptrace stop/wait、单步、信号、采样、权限和对象比较","设计方案；V2 实现与验证待独立验收","https://github.com/torvalds/linux/blob/v6.12/arch/x86/entry/syscalls/syscall_64.tbl"
"v6.12","x86-64 LP64 (64)","311","process_vm_writev","sys_process_vm_writev","34","Tracer / PerfEvent / GuestMemory","guest stop、寄存器/内存与事件 ring；虚拟 PMU 和真实宿主 PMU 分开","ptrace stop/wait、单步、信号、采样、权限和对象比较","设计方案；V2 实现与验证待独立验收","https://github.com/torvalds/linux/blob/v6.12/arch/x86/entry/syscalls/syscall_64.tbl"
"v6.12","x86-64 LP64 (common)","312","kcmp","sys_kcmp","34","Tracer / PerfEvent / GuestMemory","guest stop、寄存器/内存与事件 ring；虚拟 PMU 和真实宿主 PMU 分开","ptrace stop/wait、单步、信号、采样、权限和对象比较","设计方案；V2 实现与验证待独立验收","https://github.com/torvalds/linux/blob/v6.12/arch/x86/entry/syscalls/syscall_64.tbl"
"v6.12","x86-64 LP64 (common)","313","finit_module","sys_finit_module","35","ModuleManager / System backend","所需功能由用户态 provider 实现；任意原生 .ko/替换 Linux 内核需要独立完整内核执行后端，不能标作本架构已解决","匹配 provider 的功能与生命周期；原生内核要求单独验证并保留约束","原生内核能力边界；不能宣称本架构已完成","https://github.com/torvalds/linux/blob/v6.12/arch/x86/entry/syscalls/syscall_64.tbl"
"v6.12","x86-64 LP64 (common)","314","sched_setattr","sys_sched_setattr","29","TaskScheduler / Rseq","运行资格、优先级/预算/CPU 集合与 rseq 临界区管理","FIFO/RR/DEADLINE、PI、亲和性、rseq 抢占和信号","设计方案；V2 实现与验证待独立验收","https://github.com/torvalds/linux/blob/v6.12/arch/x86/entry/syscalls/syscall_64.tbl"
"v6.12","x86-64 LP64 (common)","315","sched_getattr","sys_sched_getattr","29","TaskScheduler / Rseq","运行资格、优先级/预算/CPU 集合与 rseq 临界区管理","FIFO/RR/DEADLINE、PI、亲和性、rseq 抢占和信号","设计方案；V2 实现与验证待独立验收","https://github.com/torvalds/linux/blob/v6.12/arch/x86/entry/syscalls/syscall_64.tbl"
"v6.12","x86-64 LP64 (common)","316","renameat2","sys_renameat2","16","VFS / Inode / FsContext","路径解析和 inode/dentry 事务执行；权限、旧 fd 存续及日志一致性统一处理","dirfd/symlink/root 边界、权限、并发 rename、失败恢复","设计方案；V2 实现与验证待独立验收","https://github.com/torvalds/linux/blob/v6.12/arch/x86/entry/syscalls/syscall_64.tbl"
"v6.12","x86-64 LP64 (common)","317","seccomp","sys_seccomp","33","PolicyDomain / Program / Keyring","按子命令执行策略、程序、通知或密钥对象；所有访问与 fast gate 保留策略点","程序验证、策略实际生效、通知竞争、撤销/过期","设计方案；V2 实现与验证待独立验收","https://github.com/torvalds/linux/blob/v6.12/arch/x86/entry/syscalls/syscall_64.tbl"
"v6.12","x86-64 LP64 (common)","318","getrandom","sys_getrandom","33","PolicyDomain / Program / Keyring","按子命令执行策略、程序、通知或密钥对象；所有访问与 fast gate 保留策略点","程序验证、策略实际生效、通知竞争、撤销/过期","设计方案；V2 实现与验证待独立验收","https://github.com/torvalds/linux/blob/v6.12/arch/x86/entry/syscalls/syscall_64.tbl"
"v6.12","x86-64 LP64 (common)","319","memfd_create","sys_memfd_create","30","Pager / GuestArchState","受管理页、权限、缺页队列、NUMA/锁页/swap 与架构状态实现语义","各子命令、fault/映射竞争、charge、权限和上下文","设计方案；V2 实现与验证待独立验收","https://github.com/torvalds/linux/blob/v6.12/arch/x86/entry/syscalls/syscall_64.tbl"
"v6.12","x86-64 LP64 (common)","320","kexec_file_load","sys_kexec_file_load","35","ModuleManager / System backend","所需功能由用户态 provider 实现；任意原生 .ko/替换 Linux 内核需要独立完整内核执行后端，不能标作本架构已解决","匹配 provider 的功能与生命周期；原生内核要求单独验证并保留约束","原生内核能力边界；不能宣称本架构已完成","https://github.com/torvalds/linux/blob/v6.12/arch/x86/entry/syscalls/syscall_64.tbl"
"v6.12","x86-64 LP64 (common)","321","bpf","sys_bpf","33","PolicyDomain / Program / Keyring","按子命令执行策略、程序、通知或密钥对象；所有访问与 fast gate 保留策略点","程序验证、策略实际生效、通知竞争、撤销/过期","设计方案；V2 实现与验证待独立验收","https://github.com/torvalds/linux/blob/v6.12/arch/x86/entry/syscalls/syscall_64.tbl"
"v6.12","x86-64 LP64 (64)","322","execveat","sys_execveat","14","Process / Image / Worker","候选映像准备后原子交接活动执行代次，保持 Linux 身份和 exec 规则","失败 exec、CLOEXEC、非 leader、信号与旧代次退出","设计方案；V2 实现与验证待独立验收","https://github.com/torvalds/linux/blob/v6.12/arch/x86/entry/syscalls/syscall_64.tbl"
"v6.12","x86-64 LP64 (common)","323","userfaultfd","sys_userfaultfd","30","Pager / GuestArchState","受管理页、权限、缺页队列、NUMA/锁页/swap 与架构状态实现语义","各子命令、fault/映射竞争、charge、权限和上下文","设计方案；V2 实现与验证待独立验收","https://github.com/torvalds/linux/blob/v6.12/arch/x86/entry/syscalls/syscall_64.tbl"
"v6.12","x86-64 LP64 (common)","324","membarrier","sys_membarrier","30","Pager / GuestArchState","受管理页、权限、缺页队列、NUMA/锁页/swap 与架构状态实现语义","各子命令、fault/映射竞争、charge、权限和上下文","设计方案；V2 实现与验证待独立验收","https://github.com/torvalds/linux/blob/v6.12/arch/x86/entry/syscalls/syscall_64.tbl"
"v6.12","x86-64 LP64 (common)","325","mlock2","sys_mlock2","30","Pager / GuestArchState","受管理页、权限、缺页队列、NUMA/锁页/swap 与架构状态实现语义","各子命令、fault/映射竞争、charge、权限和上下文","设计方案；V2 实现与验证待独立验收","https://github.com/torvalds/linux/blob/v6.12/arch/x86/entry/syscalls/syscall_64.tbl"
"v6.12","x86-64 LP64 (common)","326","copy_file_range","sys_copy_file_range","16","FileObject / PageCache","统一文件内容、映射和缓存代次；flush/truncate/copy 通过请求执行器及文件事务完成","内容/映射一致、空洞、短传输、崩溃与持久性","设计方案；V2 实现与验证待独立验收","https://github.com/torvalds/linux/blob/v6.12/arch/x86/entry/syscalls/syscall_64.tbl"
"v6.12","x86-64 LP64 (64)","327","preadv2","sys_preadv2","18","IoRequest / OFD","按同步、位置型与向量 I/O 契约执行；共享位置由稳定完成 owner 提交实际字节数","短读写、iovec 边界、offset、取消和完成竞态","设计方案；V2 实现与验证待独立验收","https://github.com/torvalds/linux/blob/v6.12/arch/x86/entry/syscalls/syscall_64.tbl"
"v6.12","x86-64 LP64 (64)","328","pwritev2","sys_pwritev2","18","IoRequest / OFD","按同步、位置型与向量 I/O 契约执行；共享位置由稳定完成 owner 提交实际字节数","短读写、iovec 边界、offset、取消和完成竞态","设计方案；V2 实现与验证待独立验收","https://github.com/torvalds/linux/blob/v6.12/arch/x86/entry/syscalls/syscall_64.tbl"
"v6.12","x86-64 LP64 (common)","329","pkey_mprotect","sys_pkey_mprotect","30","Pager / GuestArchState","受管理页、权限、缺页队列、NUMA/锁页/swap 与架构状态实现语义","各子命令、fault/映射竞争、charge、权限和上下文","设计方案；V2 实现与验证待独立验收","https://github.com/torvalds/linux/blob/v6.12/arch/x86/entry/syscalls/syscall_64.tbl"
"v6.12","x86-64 LP64 (common)","330","pkey_alloc","sys_pkey_alloc","30","Pager / GuestArchState","受管理页、权限、缺页队列、NUMA/锁页/swap 与架构状态实现语义","各子命令、fault/映射竞争、charge、权限和上下文","设计方案；V2 实现与验证待独立验收","https://github.com/torvalds/linux/blob/v6.12/arch/x86/entry/syscalls/syscall_64.tbl"
"v6.12","x86-64 LP64 (common)","331","pkey_free","sys_pkey_free","30","Pager / GuestArchState","受管理页、权限、缺页队列、NUMA/锁页/swap 与架构状态实现语义","各子命令、fault/映射竞争、charge、权限和上下文","设计方案；V2 实现与验证待独立验收","https://github.com/torvalds/linux/blob/v6.12/arch/x86/entry/syscalls/syscall_64.tbl"
"v6.12","x86-64 LP64 (common)","332","statx","sys_statx","16","VFS / Inode / FsContext","路径解析和 inode/dentry 事务执行；权限、旧 fd 存续及日志一致性统一处理","dirfd/symlink/root 边界、权限、并发 rename、失败恢复","设计方案；V2 实现与验证待独立验收","https://github.com/torvalds/linux/blob/v6.12/arch/x86/entry/syscalls/syscall_64.tbl"
"v6.12","x86-64 LP64 (common)","333","io_pgetevents","sys_io_pgetevents","18","AioContext / RingObject","统一请求执行器实现异步 ABI，Windows IoRing 只加速匹配子集","opcode/flags/register、link/cancel/multishot、共享和 completion","设计方案；V2 实现与验证待独立验收","https://github.com/torvalds/linux/blob/v6.12/arch/x86/entry/syscalls/syscall_64.tbl"
"v6.12","x86-64 LP64 (common)","334","rseq","sys_rseq","29","TaskScheduler / Rseq","运行资格、优先级/预算/CPU 集合与 rseq 临界区管理","FIFO/RR/DEADLINE、PI、亲和性、rseq 抢占和信号","设计方案；V2 实现与验证待独立验收","https://github.com/torvalds/linux/blob/v6.12/arch/x86/entry/syscalls/syscall_64.tbl"
"v6.12","x86-64 LP64 (common)","335","uretprobe","sys_uretprobe","34","Tracer / PerfEvent / GuestMemory","guest stop、寄存器/内存与事件 ring；虚拟 PMU 和真实宿主 PMU 分开","ptrace stop/wait、单步、信号、采样、权限和对象比较","设计方案；V2 实现与验证待独立验收","https://github.com/torvalds/linux/blob/v6.12/arch/x86/entry/syscalls/syscall_64.tbl"
"v6.12","x86-64 LP64 (common)","424","pidfd_send_signal","sys_pidfd_send_signal","24","Signal / Task / IoRequest","信号队列、mask、frame、停止与 restart block 按逻辑 Task 执行","RT 排队、altstack、sigreturn、短 I/O、ptrace 及 exec","设计方案；V2 实现与验证待独立验收","https://github.com/torvalds/linux/blob/v6.12/arch/x86/entry/syscalls/syscall_64.tbl"
"v6.12","x86-64 LP64 (common)","425","io_uring_setup","sys_io_uring_setup","18","AioContext / RingObject","统一请求执行器实现异步 ABI，Windows IoRing 只加速匹配子集","opcode/flags/register、link/cancel/multishot、共享和 completion","设计方案；V2 实现与验证待独立验收","https://github.com/torvalds/linux/blob/v6.12/arch/x86/entry/syscalls/syscall_64.tbl"
"v6.12","x86-64 LP64 (common)","426","io_uring_enter","sys_io_uring_enter","18","AioContext / RingObject","统一请求执行器实现异步 ABI，Windows IoRing 只加速匹配子集","opcode/flags/register、link/cancel/multishot、共享和 completion","设计方案；V2 实现与验证待独立验收","https://github.com/torvalds/linux/blob/v6.12/arch/x86/entry/syscalls/syscall_64.tbl"
"v6.12","x86-64 LP64 (common)","427","io_uring_register","sys_io_uring_register","18","AioContext / RingObject","统一请求执行器实现异步 ABI，Windows IoRing 只加速匹配子集","opcode/flags/register、link/cancel/multishot、共享和 completion","设计方案；V2 实现与验证待独立验收","https://github.com/torvalds/linux/blob/v6.12/arch/x86/entry/syscalls/syscall_64.tbl"
"v6.12","x86-64 LP64 (common)","428","open_tree","sys_open_tree","32","Mount / FsContextBuilder","构建和提交真实客体 mount 拓扑；新 API 的 detached 对象、属性和传播原子发布","root/传播、未提交 fd、mount 属性、失败回滚","设计方案；V2 实现与验证待独立验收","https://github.com/torvalds/linux/blob/v6.12/arch/x86/entry/syscalls/syscall_64.tbl"
"v6.12","x86-64 LP64 (common)","429","move_mount","sys_move_mount","32","Mount / FsContextBuilder","构建和提交真实客体 mount 拓扑；新 API 的 detached 对象、属性和传播原子发布","root/传播、未提交 fd、mount 属性、失败回滚","设计方案；V2 实现与验证待独立验收","https://github.com/torvalds/linux/blob/v6.12/arch/x86/entry/syscalls/syscall_64.tbl"
"v6.12","x86-64 LP64 (common)","430","fsopen","sys_fsopen","32","Mount / FsContextBuilder","构建和提交真实客体 mount 拓扑；新 API 的 detached 对象、属性和传播原子发布","root/传播、未提交 fd、mount 属性、失败回滚","设计方案；V2 实现与验证待独立验收","https://github.com/torvalds/linux/blob/v6.12/arch/x86/entry/syscalls/syscall_64.tbl"
"v6.12","x86-64 LP64 (common)","431","fsconfig","sys_fsconfig","32","Mount / FsContextBuilder","构建和提交真实客体 mount 拓扑；新 API 的 detached 对象、属性和传播原子发布","root/传播、未提交 fd、mount 属性、失败回滚","设计方案；V2 实现与验证待独立验收","https://github.com/torvalds/linux/blob/v6.12/arch/x86/entry/syscalls/syscall_64.tbl"
"v6.12","x86-64 LP64 (common)","432","fsmount","sys_fsmount","32","Mount / FsContextBuilder","构建和提交真实客体 mount 拓扑；新 API 的 detached 对象、属性和传播原子发布","root/传播、未提交 fd、mount 属性、失败回滚","设计方案；V2 实现与验证待独立验收","https://github.com/torvalds/linux/blob/v6.12/arch/x86/entry/syscalls/syscall_64.tbl"
"v6.12","x86-64 LP64 (common)","433","fspick","sys_fspick","32","Mount / FsContextBuilder","构建和提交真实客体 mount 拓扑；新 API 的 detached 对象、属性和传播原子发布","root/传播、未提交 fd、mount 属性、失败回滚","设计方案；V2 实现与验证待独立验收","https://github.com/torvalds/linux/blob/v6.12/arch/x86/entry/syscalls/syscall_64.tbl"
"v6.12","x86-64 LP64 (common)","434","pidfd_open","sys_pidfd_open","10","Init Process / Task registry","维护逻辑身份、父子/会话/组关系与退出记录；wait/pidfd 观察稳定对象","收养、wait 选项、退出/停止、PID 重用、pidfd","设计方案；V2 实现与验证待独立验收","https://github.com/torvalds/linux/blob/v6.12/arch/x86/entry/syscalls/syscall_64.tbl"
"v6.12","x86-64 LP64 (common)","435","clone3","sys_clone3","13","Process / Task / AddressSpace","按 clone flags 建立进程或线程与共享关系；不同进程始终不同 worker","多线程、共享 mm/Files、vfork 等待、资源失败","设计方案；V2 实现与验证待独立验收","https://github.com/torvalds/linux/blob/v6.12/arch/x86/entry/syscalls/syscall_64.tbl"
"v6.12","x86-64 LP64 (common)","436","close_range","sys_close_range","17","Files / OpenDescription","操作带 generation 的 fd/OFD 引用；fcntl/锁子命令进入其有类型状态机","dup/close/fork/exec、fd 重用、锁和异步 owner","设计方案；V2 实现与验证待独立验收","https://github.com/torvalds/linux/blob/v6.12/arch/x86/entry/syscalls/syscall_64.tbl"
"v6.12","x86-64 LP64 (common)","437","openat2","sys_openat2","16","VFS / Inode / FsContext","路径解析和 inode/dentry 事务执行；权限、旧 fd 存续及日志一致性统一处理","dirfd/symlink/root 边界、权限、并发 rename、失败恢复","设计方案；V2 实现与验证待独立验收","https://github.com/torvalds/linux/blob/v6.12/arch/x86/entry/syscalls/syscall_64.tbl"
"v6.12","x86-64 LP64 (common)","438","pidfd_getfd","sys_pidfd_getfd","17","Files / OpenDescription","操作带 generation 的 fd/OFD 引用；fcntl/锁子命令进入其有类型状态机","dup/close/fork/exec、fd 重用、锁和异步 owner","设计方案；V2 实现与验证待独立验收","https://github.com/torvalds/linux/blob/v6.12/arch/x86/entry/syscalls/syscall_64.tbl"
"v6.12","x86-64 LP64 (common)","439","faccessat2","sys_faccessat2","16","VFS / Inode / FsContext","路径解析和 inode/dentry 事务执行；权限、旧 fd 存续及日志一致性统一处理","dirfd/symlink/root 边界、权限、并发 rename、失败恢复","设计方案；V2 实现与验证待独立验收","https://github.com/torvalds/linux/blob/v6.12/arch/x86/entry/syscalls/syscall_64.tbl"
"v6.12","x86-64 LP64 (common)","440","process_madvise","sys_process_madvise","30","Pager / GuestArchState","受管理页、权限、缺页队列、NUMA/锁页/swap 与架构状态实现语义","各子命令、fault/映射竞争、charge、权限和上下文","设计方案；V2 实现与验证待独立验收","https://github.com/torvalds/linux/blob/v6.12/arch/x86/entry/syscalls/syscall_64.tbl"
"v6.12","x86-64 LP64 (common)","441","epoll_pwait2","sys_epoll_pwait2","19","ReadySource / Epoll","组合稳定就绪对象和 signal mask 等待；原生机制不可用时使用事件后端","ET/ONESHOT、fd 重用、mask 切换与丢失唤醒","设计方案；V2 实现与验证待独立验收","https://github.com/torvalds/linux/blob/v6.12/arch/x86/entry/syscalls/syscall_64.tbl"
"v6.12","x86-64 LP64 (common)","442","mount_setattr","sys_mount_setattr","32","Mount / FsContextBuilder","构建和提交真实客体 mount 拓扑；新 API 的 detached 对象、属性和传播原子发布","root/传播、未提交 fd、mount 属性、失败回滚","设计方案；V2 实现与验证待独立验收","https://github.com/torvalds/linux/blob/v6.12/arch/x86/entry/syscalls/syscall_64.tbl"
"v6.12","x86-64 LP64 (common)","443","quotactl_fd","sys_quotactl_fd","32","FileExtension / Device / Mount","按对象执行文件命令；extent/文件身份/配额/设备分发不依赖宿主同名 ioctl","子命令布局、权限、文件身份代次、extent 与实际设备行为","设计方案；V2 实现与验证待独立验收","https://github.com/torvalds/linux/blob/v6.12/arch/x86/entry/syscalls/syscall_64.tbl"
"v6.12","x86-64 LP64 (common)","444","landlock_create_ruleset","sys_landlock_create_ruleset","33","PolicyDomain / Program / Keyring","按子命令执行策略、程序、通知或密钥对象；所有访问与 fast gate 保留策略点","程序验证、策略实际生效、通知竞争、撤销/过期","设计方案；V2 实现与验证待独立验收","https://github.com/torvalds/linux/blob/v6.12/arch/x86/entry/syscalls/syscall_64.tbl"
"v6.12","x86-64 LP64 (common)","445","landlock_add_rule","sys_landlock_add_rule","33","PolicyDomain / Program / Keyring","按子命令执行策略、程序、通知或密钥对象；所有访问与 fast gate 保留策略点","程序验证、策略实际生效、通知竞争、撤销/过期","设计方案；V2 实现与验证待独立验收","https://github.com/torvalds/linux/blob/v6.12/arch/x86/entry/syscalls/syscall_64.tbl"
"v6.12","x86-64 LP64 (common)","446","landlock_restrict_self","sys_landlock_restrict_self","33","PolicyDomain / Program / Keyring","按子命令执行策略、程序、通知或密钥对象；所有访问与 fast gate 保留策略点","程序验证、策略实际生效、通知竞争、撤销/过期","设计方案；V2 实现与验证待独立验收","https://github.com/torvalds/linux/blob/v6.12/arch/x86/entry/syscalls/syscall_64.tbl"
"v6.12","x86-64 LP64 (common)","447","memfd_secret","sys_memfd_secret","30","Pager / GuestArchState","受管理页、权限、缺页队列、NUMA/锁页/swap 与架构状态实现语义","各子命令、fault/映射竞争、charge、权限和上下文","设计方案；V2 实现与验证待独立验收","https://github.com/torvalds/linux/blob/v6.12/arch/x86/entry/syscalls/syscall_64.tbl"
"v6.12","x86-64 LP64 (common)","448","process_mrelease","sys_process_mrelease","30","Pager / GuestArchState","受管理页、权限、缺页队列、NUMA/锁页/swap 与架构状态实现语义","各子命令、fault/映射竞争、charge、权限和上下文","设计方案；V2 实现与验证待独立验收","https://github.com/torvalds/linux/blob/v6.12/arch/x86/entry/syscalls/syscall_64.tbl"
"v6.12","x86-64 LP64 (common)","449","futex_waitv","sys_futex_waitv","23","FutexTable / PiState / Task","有序 bucket、WaitGroup、robust 退出和 PI 依赖链执行所有目标操作","wait/wake/requeue/waitv、PI/owner death、超时、共享转换","设计方案；V2 实现与验证待独立验收","https://github.com/torvalds/linux/blob/v6.12/arch/x86/entry/syscalls/syscall_64.tbl"
"v6.12","x86-64 LP64 (common)","450","set_mempolicy_home_node","sys_set_mempolicy_home_node","30","Pager / GuestArchState","受管理页、权限、缺页队列、NUMA/锁页/swap 与架构状态实现语义","各子命令、fault/映射竞争、charge、权限和上下文","设计方案；V2 实现与验证待独立验收","https://github.com/torvalds/linux/blob/v6.12/arch/x86/entry/syscalls/syscall_64.tbl"
"v6.12","x86-64 LP64 (common)","451","cachestat","sys_cachestat","30","Pager / GuestArchState","受管理页、权限、缺页队列、NUMA/锁页/swap 与架构状态实现语义","各子命令、fault/映射竞争、charge、权限和上下文","设计方案；V2 实现与验证待独立验收","https://github.com/torvalds/linux/blob/v6.12/arch/x86/entry/syscalls/syscall_64.tbl"
"v6.12","x86-64 LP64 (common)","452","fchmodat2","sys_fchmodat2","16","VFS / Inode / FsContext","路径解析和 inode/dentry 事务执行；权限、旧 fd 存续及日志一致性统一处理","dirfd/symlink/root 边界、权限、并发 rename、失败恢复","设计方案；V2 实现与验证待独立验收","https://github.com/torvalds/linux/blob/v6.12/arch/x86/entry/syscalls/syscall_64.tbl"
"v6.12","x86-64 LP64 (common)","453","map_shadow_stack","sys_map_shadow_stack","30","Pager / GuestArchState","受管理页、权限、缺页队列、NUMA/锁页/swap 与架构状态实现语义","各子命令、fault/映射竞争、charge、权限和上下文","设计方案；V2 实现与验证待独立验收","https://github.com/torvalds/linux/blob/v6.12/arch/x86/entry/syscalls/syscall_64.tbl"
"v6.12","x86-64 LP64 (common)","454","futex_wake","sys_futex_wake","23","FutexTable / PiState / Task","有序 bucket、WaitGroup、robust 退出和 PI 依赖链执行所有目标操作","wait/wake/requeue/waitv、PI/owner death、超时、共享转换","设计方案；V2 实现与验证待独立验收","https://github.com/torvalds/linux/blob/v6.12/arch/x86/entry/syscalls/syscall_64.tbl"
"v6.12","x86-64 LP64 (common)","455","futex_wait","sys_futex_wait","23","FutexTable / PiState / Task","有序 bucket、WaitGroup、robust 退出和 PI 依赖链执行所有目标操作","wait/wake/requeue/waitv、PI/owner death、超时、共享转换","设计方案；V2 实现与验证待独立验收","https://github.com/torvalds/linux/blob/v6.12/arch/x86/entry/syscalls/syscall_64.tbl"
"v6.12","x86-64 LP64 (common)","456","futex_requeue","sys_futex_requeue","23","FutexTable / PiState / Task","有序 bucket、WaitGroup、robust 退出和 PI 依赖链执行所有目标操作","wait/wake/requeue/waitv、PI/owner death、超时、共享转换","设计方案；V2 实现与验证待独立验收","https://github.com/torvalds/linux/blob/v6.12/arch/x86/entry/syscalls/syscall_64.tbl"
"v6.12","x86-64 LP64 (common)","457","statmount","sys_statmount","32","Mount / FsContextBuilder","构建和提交真实客体 mount 拓扑；新 API 的 detached 对象、属性和传播原子发布","root/传播、未提交 fd、mount 属性、失败回滚","设计方案；V2 实现与验证待独立验收","https://github.com/torvalds/linux/blob/v6.12/arch/x86/entry/syscalls/syscall_64.tbl"
"v6.12","x86-64 LP64 (common)","458","listmount","sys_listmount","32","Mount / FsContextBuilder","构建和提交真实客体 mount 拓扑；新 API 的 detached 对象、属性和传播原子发布","root/传播、未提交 fd、mount 属性、失败回滚","设计方案；V2 实现与验证待独立验收","https://github.com/torvalds/linux/blob/v6.12/arch/x86/entry/syscalls/syscall_64.tbl"
"v6.12","x86-64 LP64 (common)","459","lsm_get_self_attr","sys_lsm_get_self_attr","33","PolicyDomain / Program / Keyring","按子命令执行策略、程序、通知或密钥对象；所有访问与 fast gate 保留策略点","程序验证、策略实际生效、通知竞争、撤销/过期","设计方案；V2 实现与验证待独立验收","https://github.com/torvalds/linux/blob/v6.12/arch/x86/entry/syscalls/syscall_64.tbl"
"v6.12","x86-64 LP64 (common)","460","lsm_set_self_attr","sys_lsm_set_self_attr","33","PolicyDomain / Program / Keyring","按子命令执行策略、程序、通知或密钥对象；所有访问与 fast gate 保留策略点","程序验证、策略实际生效、通知竞争、撤销/过期","设计方案；V2 实现与验证待独立验收","https://github.com/torvalds/linux/blob/v6.12/arch/x86/entry/syscalls/syscall_64.tbl"
"v6.12","x86-64 LP64 (common)","461","lsm_list_modules","sys_lsm_list_modules","33","PolicyDomain / Program / Keyring","按子命令执行策略、程序、通知或密钥对象；所有访问与 fast gate 保留策略点","程序验证、策略实际生效、通知竞争、撤销/过期","设计方案；V2 实现与验证待独立验收","https://github.com/torvalds/linux/blob/v6.12/arch/x86/entry/syscalls/syscall_64.tbl"
"v6.12","x86-64 LP64 (common)","462","mseal","sys_mseal","30","Pager / GuestArchState","受管理页、权限、缺页队列、NUMA/锁页/swap 与架构状态实现语义","各子命令、fault/映射竞争、charge、权限和上下文","设计方案；V2 实现与验证待独立验收","https://github.com/torvalds/linux/blob/v6.12/arch/x86/entry/syscalls/syscall_64.tbl"
