path,target,alias,smoke_status,smoke_failure,smoke_exit_code,smoke_seconds,smoke_purpose,smoke_evidence,smoke_log,functional_status,functional_failure,functional_exit_code,functional_seconds,functional_purpose,functional_evidence,functional_log
/bin/ash,/bin/busybox,True,passed,,0,0.12,,,smoke\20260926T145231\bin__ash,passed,,0,1.279,shell variables and arithmetic,,functional\20260926T145416\bin__ash
/bin/bash,/bin/bash,False,passed,,0,0.131,,,smoke\20260926T145231\bin__bash,passed,,0,1.325,shell variables and arithmetic,,functional\20260926T145416\bin__bash
/bin/bunzip2,/bin/bunzip2,False,passed,,0,0.122,,,smoke\20260926T145231\bin__bunzip2,passed,,0,1.32,decompress known fixture,,functional\20260926T145416\bin__bunzip2
/bin/busybox,/bin/busybox,False,passed,,0,0.184,,,smoke\20260926T145231\bin__busybox,passed,,0,1.307,BusyBox awk applet execution,,functional\20260926T145416\bin__busybox
/bin/bzcat,/bin/bzcat,False,passed,,0,0.122,,,smoke\20260926T145231\bin__bzcat,passed,,0,1.32,decompress known fixture,,functional\20260926T145416\bin__bzcat
/bin/bzcmp,/bin/bzdiff,True,usage_only,,1,0.466,,,smoke\20260926T145231\bin__bzcmp,passed,,0,3.297,compare compressed files,,functional\20260926T145416\bin__bzcmp
/bin/bzdiff,/bin/bzdiff,False,usage_only,,1,0.456,,,smoke\20260926T145231\bin__bzdiff,passed,,0,3.065,compare compressed files,,functional\20260926T145416\bin__bzdiff
/bin/bzegrep,/bin/bzgrep,True,usage_only,,2,0.446,,,smoke\20260926T145231\bin__bzegrep,passed,,0,2.669,search compressed text,,functional\20260926T145416\bin__bzegrep
/bin/bzexe,/bin/bzexe,False,usage_only,,1,0.308,,,smoke\20260926T145231\bin__bzexe,passed,,0,8.66,compress and execute a shell program,,functional\20260926T145416\bin__bzexe
/bin/bzfgrep,/bin/bzgrep,True,usage_only,,2,0.447,,,smoke\20260926T145231\bin__bzfgrep,passed,,0,2.652,search compressed text,,functional\20260926T145416\bin__bzfgrep
/bin/bzgrep,/bin/bzgrep,False,usage_only,,2,0.441,,,smoke\20260926T145231\bin__bzgrep,passed,,0,2.532,search compressed text,,functional\20260926T145416\bin__bzgrep
/bin/bzip2,/bin/bzip2,False,passed,,0,0.117,,,smoke\20260926T145231\bin__bzip2,passed,,0,1.301,decompress host-generated fixture,,functional\20260926T145416\bin__bzip2
/bin/bzip2recover,/bin/bzip2recover,False,usage_only,,1,0.119,,,smoke\20260926T145231\bin__bzip2recover,passed,,0,1.273,recover bzip2 blocks and verify payload,,functional\20260926T145416\bin__bzip2recover
/bin/bzless,/bin/bzmore,True,passed,,0,1.339,,,smoke\20260926T145231\bin__bzless,passed,,0,3.082,display compressed text without terminal,,functional\20260926T145416\bin__bzless
/bin/bzmore,/bin/bzmore,False,passed,,0,1.386,,,smoke\20260926T145231\bin__bzmore,passed,,0,2.997,display compressed text without terminal,,functional\20260926T145416\bin__bzmore
/bin/cat,/bin/cat,False,passed,,0,0.125,,,smoke\20260926T145231\bin__cat,passed,,0,0.633,read file content,,functional\20260926T151017\bin__cat
/bin/chgrp,/bin/chgrp,False,passed,,0,0.126,,,smoke\20260926T145231\bin__chgrp,passed,,0,1.031,group update,,functional\20260926T145416\bin__chgrp
/bin/chmod,/bin/chmod,False,passed,,0,0.123,,,smoke\20260926T145231\bin__chmod,passed,,0,1.052,permission update,,functional\20260926T145416\bin__chmod
/bin/chown,/bin/chown,False,passed,,0,0.124,,,smoke\20260926T145231\bin__chown,passed,,0,1.076,numeric owner and group update,,functional\20260926T145416\bin__chown
/bin/cp,/bin/cp,False,passed,,0,0.143,,,smoke\20260926T145231\bin__cp,passed,,0,1.612,copy data and metadata,,functional\20260926T145416\bin__cp
/bin/cpio,/bin/cpio,False,passed,,0,0.137,,,smoke\20260926T145231\bin__cpio,passed,,0,1.715,cpio archive roundtrip,,functional\20260926T145416\bin__cpio
/bin/dash,/bin/dash,False,passed,,0,0.116,,,smoke\20260926T145231\bin__dash,passed,,0,1.073,shell variables and arithmetic,,functional\20260926T145416\bin__dash
/bin/date,/bin/date,False,passed,,0,0.134,,,smoke\20260926T145231\bin__date,passed,,0,1.085,parse epoch and format UTC,,functional\20260926T145416\bin__date
/bin/dd,/bin/dd,False,passed,,0,0.127,,,smoke\20260926T145231\bin__dd,passed,,0,1.076,block copy,,functional\20260926T145416\bin__dd
/bin/df,/bin/df,False,passed,,0,0.122,,,smoke\20260926T145231\bin__df,failed,exit_or_assertion,1,0.39,filesystem capacity query,/bin/df: .: Invalid argument,functional\20260926T150204\bin__df
/bin/dir,/bin/dir,False,passed,,0,0.118,,,smoke\20260926T145231\bin__dir,passed,,0,1.355,directory entry metadata,,functional\20260926T145416\bin__dir
/bin/dmesg,/bin/dmesg,False,passed,,0,0.121,,,smoke\20260926T145231\bin__dmesg,failed,exit_or_assertion,1,0.806,read kernel log,/bin/dmesg: read kernel buffer failed: Operation not permitted,functional\20260926T145416\bin__dmesg
/bin/dnsdomainname,/bin/hostname,True,usage_only,,4294967295,0.121,,,smoke\20260926T145231\bin__dnsdomainname,timeout,timeout,0,30.012,read host/domain identity,,functional\20260926T150204\bin__dnsdomainname
/bin/domainname,/bin/hostname,True,usage_only,,4294967295,0.115,,,smoke\20260926T145231\bin__domainname,passed,,0,1.086,read host/domain identity,,functional\20260926T145416\bin__domainname
/bin/echo,/bin/echo,False,passed,,0,0.128,,,smoke\20260926T145231\bin__echo,passed,,0,1.149,argument formatting,,functional\20260926T145416\bin__echo
/bin/egrep,/bin/egrep,False,passed,,0,0.218,,,smoke\20260926T145231\bin__egrep,passed,,0,1.403,extended regular expressions,,functional\20260926T145416\bin__egrep
/bin/false,/bin/false,False,passed,,1,0.113,,,smoke\20260926T145231\bin__false,passed,,0,0.756,false predicate exits 1,,functional\20260926T145416\bin__false
/bin/fgrep,/bin/fgrep,False,passed,,0,0.215,,,smoke\20260926T145231\bin__fgrep,passed,,0,1.331,matching lines,,functional\20260926T145416\bin__fgrep
/bin/findmnt,/bin/findmnt,False,passed,,0,0.178,,,smoke\20260926T145231\bin__findmnt,passed,,0,1.23,mount table query,,functional\20260926T145416\bin__findmnt
/bin/fuser,/bin/fuser,False,usage_only,,1,0.136,,,smoke\20260926T145231\bin__fuser,passed,,0,1.192,find process using current directory,,functional\20260926T145416\bin__fuser
/bin/grep,/bin/grep,False,passed,,0,0.129,,,smoke\20260926T145231\bin__grep,passed,,0,1.138,matching lines,,functional\20260926T145416\bin__grep
/bin/gunzip,/bin/gunzip,False,passed,,0,0.129,,,smoke\20260926T145231\bin__gunzip,passed,,0,0.984,decompress known fixture,,functional\20260926T145416\bin__gunzip
/bin/gzexe,/bin/gzexe,False,passed,,0,0.14,,,smoke\20260926T145231\bin__gzexe,passed,,0,5.483,compress and execute a shell program,,functional\20260926T145416\bin__gzexe
/bin/gzip,/bin/gzip,False,passed,,0,0.16,,,smoke\20260926T145231\bin__gzip,passed,,0,1.116,decompress host-generated fixture,,functional\20260926T145416\bin__gzip
/bin/hostname,/bin/hostname,False,usage_only,,4294967295,0.149,,,smoke\20260926T145231\bin__hostname,passed,,0,0.919,read host/domain identity,,functional\20260926T145416\bin__hostname
/bin/ip,/bin/ip,False,usage_only,,4294967295,0.21,,,smoke\20260926T145231\bin__ip,passed,,0,1.159,network interface address dump,,functional\20260926T145416\bin__ip
/bin/journalctl,/bin/journalctl,False,failed,missing_symbol,1,0.276,,ELF exec failed for <rootfs>\bin\journalctl: unresolved symbol fgetsgent@GLIBC_2.10 referenced by libsystemd-shared-252.so,smoke\20260926T145231\bin__journalctl,failed,missing_symbol,126,0.745,read journal records,ELF exec failed for <rootfs>\bin\journalctl: unresolved symbol fgetsgent@GLIBC_2.10 referenced by libsystemd-shared-252.so --: line 5: /bin/journalctl: cannot execute binary file: Exec format error,functional\20260926T145416\bin__journalctl
/bin/kill,/bin/kill,False,failed,missing_symbol,1,0.206,,ELF exec failed for <rootfs>\bin\kill: unresolved symbol sigqueue@GLIBC_2.2.5 referenced by kill,smoke\20260926T145231\bin__kill,failed,missing_symbol,126,0.672,signal-zero process existence check,ELF exec failed for <rootfs>\bin\kill: unresolved symbol sigqueue@GLIBC_2.2.5 referenced by kill --: line 5: /bin/kill: cannot execute binary file: Exec format error,functional\20260926T145416\bin__kill
/bin/kmod,/bin/kmod,False,passed,,0,0.219,,,smoke\20260926T145231\bin__kmod,failed,environment_or_kernel,1,0.738,loaded kernel module listing,libkmod: ERROR ../libkmod/libkmod-module.c:1725 kmod_module_new_from_loaded: could not open /proc/modules: No such file or directory Error: could not get list of modules: No such file or directory,functional\20260926T145416\bin__kmod
/bin/ln,/bin/ln,False,passed,,0,0.156,,,smoke\20260926T145231\bin__ln,passed,,0,1.28,hard link inode identity,,functional\20260926T145416\bin__ln
/bin/login,/bin/login,False,usage_only,,1,0.156,,,smoke\20260926T145231\bin__login,not_tested,,,,No functional case yet,,
/bin/loginctl,/bin/loginctl,False,failed,missing_symbol,1,0.243,,ELF exec failed for <rootfs>\bin\loginctl: unresolved symbol fgetsgent@GLIBC_2.10 referenced by libsystemd-shared-252.so,smoke\20260926T145231\bin__loginctl,failed,missing_symbol,126,0.718,query login manager sessions,ELF exec failed for <rootfs>\bin\loginctl: unresolved symbol fgetsgent@GLIBC_2.10 referenced by libsystemd-shared-252.so --: line 5: /bin/loginctl: cannot execute binary file: Exec format error,functional\20260926T145416\bin__loginctl
/bin/ls,/bin/ls,False,passed,,0,0.16,,,smoke\20260926T145231\bin__ls,passed,,0,1.07,directory entry metadata,,functional\20260926T145416\bin__ls
/bin/lsblk,/bin/lsblk,False,passed,,0,0.176,,,smoke\20260926T145231\bin__lsblk,failed,environment_or_kernel,1,0.685,block-device listing,/bin/lsblk: failed to access sysfs directory: /sys/dev/block: No such file or directory,functional\20260926T145416\bin__lsblk
/bin/lsmod,/bin/kmod,True,usage_only,,1,0.155,,,smoke\20260926T145231\bin__lsmod,failed,environment_or_kernel,1,0.734,loaded kernel module listing,libkmod: ERROR ../libkmod/libkmod-module.c:1725 kmod_module_new_from_loaded: could not open /proc/modules: No such file or directory Error: could not get list of modules: No such file or directory,functional\20260926T145416\bin__lsmod
/bin/mkdir,/bin/mkdir,False,passed,,0,0.142,,,smoke\20260926T145231\bin__mkdir,passed,,0,0.764,recursive directory creation,,functional\20260926T145416\bin__mkdir
/bin/mknod,/bin/mknod,False,passed,,0,0.144,,,smoke\20260926T145231\bin__mknod,passed,,0,0.73,mknod FIFO type,,functional\20260926T145416\bin__mknod
/bin/mktemp,/bin/mktemp,False,passed,,0,0.129,,,smoke\20260926T145231\bin__mktemp,passed,,0,0.972,unique temporary file,,functional\20260926T145416\bin__mktemp
/bin/more,/bin/more,False,passed,,0,0.129,,,smoke\20260926T145231\bin__more,passed,,0,1.17,non-terminal pagination with file heading,,functional\20260926T145416\bin__more
/bin/mount,/bin/mount,False,passed,,0,0.134,,,smoke\20260926T145231\bin__mount,passed,,0,1.328,mounted filesystem listing,,functional\20260926T145416\bin__mount
/bin/mountpoint,/bin/mountpoint,False,passed,,0,0.132,,,smoke\20260926T145231\bin__mountpoint,passed,,0,0.899,root mountpoint predicate,,functional\20260926T145416\bin__mountpoint
/bin/mt-gnu,/bin/mt-gnu,False,passed,,0,0.128,,,smoke\20260926T145231\bin__mt-gnu,not_tested,,,,No functional case yet,,
/bin/mv,/bin/mv,False,passed,,0,0.141,,,smoke\20260926T145231\bin__mv,passed,,0,1.271,rename and preserve data,,functional\20260926T145416\bin__mv
/bin/nano,/bin/nano,False,passed,,0,0.144,,,smoke\20260926T145231\bin__nano,not_tested,,,,No functional case yet,,
/bin/nc,/bin/nc.traditional,True,usage_only,,1,0.131,,,smoke\20260926T145231\bin__nc,passed,,0,1.089,TCP request/response through netcat,,functional\20260926T145416\bin__nc
/bin/nc.traditional,/bin/nc.traditional,False,usage_only,,1,0.125,,,smoke\20260926T145231\bin__nc.traditional,passed,,0,0.976,TCP request/response through netcat,,functional\20260926T145416\bin__nc.traditional
/bin/networkctl,/bin/networkctl,False,failed,missing_symbol,1,0.222,,ELF exec failed for <rootfs>\bin\networkctl: unresolved symbol fgetsgent@GLIBC_2.10 referenced by libsystemd-shared-252.so,smoke\20260926T145231\bin__networkctl,failed,missing_symbol,126,0.732,query network manager links,ELF exec failed for <rootfs>\bin\networkctl: unresolved symbol fgetsgent@GLIBC_2.10 referenced by libsystemd-shared-252.so --: line 5: /bin/networkctl: cannot execute binary file: Exec format error,functional\20260926T145416\bin__networkctl
/bin/nisdomainname,/bin/hostname,True,usage_only,,4294967295,0.112,,,smoke\20260926T145231\bin__nisdomainname,failed,exit_or_assertion,1,0.679,read host/domain identity,nisdomainname: Local domain name not set,functional\20260926T145416\bin__nisdomainname
/bin/pidof,/sbin/killall5,True,usage_only,,1,0.152,,,smoke\20260926T145231\bin__pidof,passed,,0,1.121,lookup current shell process by name,,functional\20260926T145416\bin__pidof
/bin/ping,/bin/ping,False,failed,missing_symbol,1,0.193,,ELF exec failed for <rootfs>\bin\ping: unresolved symbol dn_comp@GLIBC_2.34 referenced by ping,smoke\20260926T145231\bin__ping,failed,missing_symbol,126,0.673,IPv4 loopback ICMP,ELF exec failed for <rootfs>\bin\ping: unresolved symbol dn_comp@GLIBC_2.34 referenced by ping --: line 5: /bin/ping: cannot execute binary file: Exec format error,functional\20260926T145416\bin__ping
/bin/ping4,/bin/ping,True,failed,missing_symbol,1,0.184,,ELF exec failed for <rootfs>\bin\ping: unresolved symbol dn_comp@GLIBC_2.34 referenced by ping,smoke\20260926T145231\bin__ping4,failed,missing_symbol,126,0.658,IPv4 loopback ICMP,ELF exec failed for <rootfs>\bin\ping: unresolved symbol dn_comp@GLIBC_2.34 referenced by ping --: line 5: /bin/ping4: cannot execute binary file: Exec format error,functional\20260926T145416\bin__ping4
/bin/ping6,/bin/ping,True,failed,missing_symbol,1,0.184,,ELF exec failed for <rootfs>\bin\ping: unresolved symbol dn_comp@GLIBC_2.34 referenced by ping,smoke\20260926T145231\bin__ping6,failed,missing_symbol,126,0.672,IPv6 loopback ICMP,ELF exec failed for <rootfs>\bin\ping: unresolved symbol dn_comp@GLIBC_2.34 referenced by ping --: line 5: /bin/ping6: cannot execute binary file: Exec format error,functional\20260926T145416\bin__ping6
/bin/ps,/bin/ps,False,passed,,0,0.176,,,smoke\20260926T145231\bin__ps,passed,,0,1.223,process listing,,functional\20260926T145416\bin__ps
/bin/pwd,/bin/pwd,False,passed,,0,0.127,,,smoke\20260926T145231\bin__pwd,passed,,0,1.18,current working directory,,functional\20260926T145416\bin__pwd
/bin/rbash,/bin/bash,True,passed,,0,0.124,,,smoke\20260926T145231\bin__rbash,passed,,0,0.959,shell variables and arithmetic,,functional\20260926T145416\bin__rbash
/bin/readlink,/bin/readlink,False,passed,,0,0.135,,,smoke\20260926T145231\bin__readlink,passed,,0,0.929,symbolic link target,,functional\20260926T145416\bin__readlink
/bin/rm,/bin/rm,False,passed,,0,0.133,,,smoke\20260926T145231\bin__rm,passed,,0,0.938,remove isolated file,,functional\20260926T145416\bin__rm
/bin/rmdir,/bin/rmdir,False,passed,,0,0.124,,,smoke\20260926T145231\bin__rmdir,passed,,0,0.953,remove empty directory,,functional\20260926T145416\bin__rmdir
/bin/rnano,/bin/nano,True,passed,,0,0.127,,,smoke\20260926T145231\bin__rnano,not_tested,,,,No functional case yet,,
/bin/run-parts,/bin/run-parts,False,passed,,0,0.116,,,smoke\20260926T145231\bin__run-parts,passed,,0,1.644,execute scripts from a directory,,functional\20260926T145416\bin__run-parts
/bin/sed,/bin/sed,False,passed,,0,0.124,,,smoke\20260926T145231\bin__sed,passed,,0,0.989,substitution,,functional\20260926T145416\bin__sed
/bin/sh,/bin/dash,True,passed,,0,0.108,,,smoke\20260926T145231\bin__sh,passed,,0,0.968,shell variables and arithmetic,,functional\20260926T145416\bin__sh
/bin/sleep,/bin/sleep,False,passed,,0,0.13,,,smoke\20260926T145231\bin__sleep,passed,,0,0.741,bounded timed wait,,functional\20260926T145416\bin__sleep
/bin/ss,/bin/ss,False,passed,,0,0.169,,,smoke\20260926T145231\bin__ss,passed,,0,1.378,socket state dump,,functional\20260926T145416\bin__ss
/bin/stty,/bin/stty,False,passed,,0,0.12,,,smoke\20260926T145231\bin__stty,failed,exit_or_assertion,1,2.412,query pseudo-terminal attributes,"Script started on 2026-09-26 07:02:35+00:00 [COMMAND=""/bin/stty -a"" <not executed on terminal>] Script done on 2026-09-26 07:02:37+00:00 [COMMAND_EXIT_CODE=""0""]",functional\20260926T150204\bin__stty
/bin/su,/bin/su,False,passed,,0,0.121,,,smoke\20260926T145231\bin__su,failed,exit_or_assertion,1,1.954,run shell as root through su,/bin/su: Critical error - immediate abort,functional\20260926T145416\bin__su
/bin/sync,/bin/sync,False,passed,,0,0.119,,,smoke\20260926T145231\bin__sync,passed,,0,0.881,flush file data,,functional\20260926T145416\bin__sync
/bin/systemctl,/bin/systemctl,False,passed,,0,0.184,,,smoke\20260926T145231\bin__systemctl,failed,exit_or_assertion,1,1.228,query service manager runtime state,offline,functional\20260926T145416\bin__systemctl
/bin/systemd,/lib/systemd/systemd,True,failed,missing_symbol,1,0.233,,ELF exec failed for <rootfs>\lib\systemd\systemd: unresolved symbol fgetsgent@GLIBC_2.10 referenced by libsystemd-shared-252.so,smoke\20260926T145231\bin__systemd,not_tested,,,,No functional case yet,,
/bin/systemd-ask-password,/bin/systemd-ask-password,False,failed,missing_symbol,1,0.209,,ELF exec failed for <rootfs>\bin\systemd-ask-password: unresolved symbol fgetsgent@GLIBC_2.10 referenced by libsystemd-shared-252.so,smoke\20260926T145231\bin__systemd-ask-password,not_tested,,,,No functional case yet,,
/bin/systemd-creds,/bin/systemd-creds,False,failed,missing_symbol,1,0.223,,ELF exec failed for <rootfs>\bin\systemd-creds: unresolved symbol fgetsgent@GLIBC_2.10 referenced by libsystemd-shared-252.so,smoke\20260926T145231\bin__systemd-creds,not_tested,,,,No functional case yet,,
/bin/systemd-escape,/bin/systemd-escape,False,failed,missing_symbol,1,0.203,,ELF exec failed for <rootfs>\bin\systemd-escape: unresolved symbol fgetsgent@GLIBC_2.10 referenced by libsystemd-shared-252.so,smoke\20260926T145231\bin__systemd-escape,failed,missing_symbol,126,0.93,systemd unit-name escaping,ELF exec failed for <rootfs>\bin\systemd-escape: unresolved symbol fgetsgent@GLIBC_2.10 referenced by libsystemd-shared-252.so --: line 5: /bin/systemd-escape: cannot execute binary file: Exec format error,functional\20260926T145416\bin__systemd-escape
/bin/systemd-firstboot,/bin/systemd-firstboot,False,failed,missing_symbol,1,0.201,,ELF exec failed for <rootfs>\bin\systemd-firstboot: unresolved symbol fgetsgent@GLIBC_2.10 referenced by libsystemd-shared-252.so,smoke\20260926T145231\bin__systemd-firstboot,failed,missing_symbol,126,1.034,initialize isolated hostname,ELF exec failed for <rootfs>\bin\systemd-firstboot: unresolved symbol fgetsgent@GLIBC_2.10 referenced by libsystemd-shared-252.so --: line 5: /bin/systemd-firstboot: cannot execute binary file: Exec format error,functional\20260926T145416\bin__systemd-firstboot
/bin/systemd-hwdb,/bin/systemd-hwdb,False,passed,,0,0.107,,,smoke\20260926T145231\bin__systemd-hwdb,not_tested,,,,No functional case yet,,
/bin/systemd-inhibit,/bin/systemd-inhibit,False,failed,missing_symbol,1,0.217,,ELF exec failed for <rootfs>\bin\systemd-inhibit: unresolved symbol fgetsgent@GLIBC_2.10 referenced by libsystemd-shared-252.so,smoke\20260926T145231\bin__systemd-inhibit,not_tested,,,,No functional case yet,,
/bin/systemd-machine-id-setup,/bin/systemd-machine-id-setup,False,failed,missing_symbol,1,0.216,,ELF exec failed for <rootfs>\bin\systemd-machine-id-setup: unresolved symbol fgetsgent@GLIBC_2.10 referenced by libsystemd-shared-252.so,smoke\20260926T145231\bin__systemd-machine-id-setup,failed,missing_symbol,126,1.047,initialize isolated machine identity,ELF exec failed for <rootfs>\bin\systemd-machine-id-setup: unresolved symbol fgetsgent@GLIBC_2.10 referenced by libsystemd-shared-252.so --: line 5: /bin/systemd-machine-id-setup: cannot execute binary file: Exec format error,functional\20260926T145416\bin__systemd-machine-id-setup
/bin/systemd-notify,/bin/systemd-notify,False,failed,missing_symbol,1,0.213,,ELF exec failed for <rootfs>\bin\systemd-notify: unresolved symbol fgetsgent@GLIBC_2.10 referenced by libsystemd-shared-252.so,smoke\20260926T145231\bin__systemd-notify,not_tested,,,,No functional case yet,,
/bin/systemd-repart,/bin/systemd-repart,False,failed,missing_symbol,1,0.225,,ELF exec failed for <rootfs>\bin\systemd-repart: unresolved symbol fgetsgent@GLIBC_2.10 referenced by libsystemd-shared-252.so,smoke\20260926T145231\bin__systemd-repart,not_tested,,,,No functional case yet,,
/bin/systemd-sysext,/bin/systemd-sysext,False,failed,missing_symbol,1,0.222,,ELF exec failed for <rootfs>\bin\systemd-sysext: unresolved symbol fgetsgent@GLIBC_2.10 referenced by libsystemd-shared-252.so,smoke\20260926T145231\bin__systemd-sysext,not_tested,,,,No functional case yet,,
/bin/systemd-sysusers,/bin/systemd-sysusers,False,failed,missing_symbol,1,0.217,,ELF exec failed for <rootfs>\bin\systemd-sysusers: unresolved symbol fgetsgent@GLIBC_2.10 referenced by libsystemd-shared-252.so,smoke\20260926T145231\bin__systemd-sysusers,failed,missing_symbol,126,1.106,create account from isolated sysusers rule,ELF exec failed for <rootfs>\bin\systemd-sysusers: unresolved symbol fgetsgent@GLIBC_2.10 referenced by libsystemd-shared-252.so --: line 5: /bin/systemd-sysusers: cannot execute binary file: Exec format error,functional\20260926T145416\bin__systemd-sysusers
/bin/systemd-tmpfiles,/bin/systemd-tmpfiles,False,failed,missing_symbol,1,0.201,,ELF exec failed for <rootfs>\bin\systemd-tmpfiles: unresolved symbol fgetsgent@GLIBC_2.10 referenced by libsystemd-shared-252.so,smoke\20260926T145231\bin__systemd-tmpfiles,failed,missing_symbol,126,1.156,create directory from isolated tmpfiles rule,ELF exec failed for <rootfs>\bin\systemd-tmpfiles: unresolved symbol fgetsgent@GLIBC_2.10 referenced by libsystemd-shared-252.so --: line 5: /bin/systemd-tmpfiles: cannot execute binary file: Exec format error,functional\20260926T145416\bin__systemd-tmpfiles
/bin/systemd-tty-ask-password-agent,/bin/systemd-tty-ask-password-agent,False,failed,missing_symbol,1,0.199,,ELF exec failed for <rootfs>\bin\systemd-tty-ask-password-agent: unresolved symbol fgetsgent@GLIBC_2.10 referenced by libsystemd-shared-252.so,smoke\20260926T145231\bin__systemd-tty-ask-password-agent,not_tested,,,,No functional case yet,,
/bin/tar,/bin/tar,False,passed,,0,0.132,,,smoke\20260926T145231\bin__tar,passed,,0,1.832,archive creation and extraction,,functional\20260926T145416\bin__tar
/bin/tempfile,/bin/tempfile,False,passed,,0,0.124,,,smoke\20260926T145231\bin__tempfile,passed,,0,1.231,temporary file allocation,,functional\20260926T145416\bin__tempfile
/bin/touch,/bin/touch,False,passed,,0,0.109,,,smoke\20260926T145231\bin__touch,passed,,0,1.188,create and set timestamp,,functional\20260926T145416\bin__touch
/bin/true,/bin/true,False,passed,,0,0.103,,,smoke\20260926T145231\bin__true,passed,,0,0.942,successful predicate exit status,,functional\20260926T145416\bin__true
/bin/udevadm,/bin/udevadm,False,passed,,0,0.176,,,smoke\20260926T145231\bin__udevadm,failed,environment_or_kernel,1,1.036,udev network-device metadata,"Unknown device ""/sys/class/net/lo"": %m",functional\20260926T145416\bin__udevadm
/bin/umount,/bin/umount,False,passed,,0,0.132,,,smoke\20260926T145231\bin__umount,not_tested,,,,No functional case yet,,
/bin/uname,/bin/uname,False,passed,,0,0.125,,,smoke\20260926T145231\bin__uname,passed,,0,1.548,system identity query,,functional\20260926T145416\bin__uname
/bin/uncompress,/bin/uncompress,False,passed,,0,0.118,,,smoke\20260926T145231\bin__uncompress,passed,,0,1.423,decompress known fixture,,functional\20260926T145416\bin__uncompress
/bin/vdir,/bin/vdir,False,passed,,0,0.126,,,smoke\20260926T145231\bin__vdir,passed,,0,1.5,directory entry metadata,,functional\20260926T145416\bin__vdir
/bin/wdctl,/bin/wdctl,False,passed,,0,0.116,,,smoke\20260926T145231\bin__wdctl,not_tested,,,,No functional case yet,,
/bin/which,/bin/busybox,True,passed,,0,0.136,,,smoke\20260926T145231\bin__which,passed,,0,1.452,PATH command resolution,,functional\20260926T145416\bin__which
/bin/ypdomainname,/bin/hostname,True,usage_only,,4294967295,0.125,,,smoke\20260926T145231\bin__ypdomainname,failed,exit_or_assertion,1,0.873,read host/domain identity,ypdomainname: Local domain name not set,functional\20260926T145416\bin__ypdomainname
/bin/zcat,/bin/zcat,False,passed,,0,0.136,,,smoke\20260926T145231\bin__zcat,passed,,0,1.321,decompress known fixture,,functional\20260926T145416\bin__zcat
/bin/zcmp,/bin/zcmp,False,passed,,0,0.144,,,smoke\20260926T145231\bin__zcmp,passed,,0,2.943,compare compressed files,,functional\20260926T145416\bin__zcmp
/bin/zdiff,/bin/zdiff,False,passed,,0,0.141,,,smoke\20260926T145231\bin__zdiff,passed,,0,2.835,compare compressed files,,functional\20260926T145416\bin__zdiff
/bin/zegrep,/bin/zegrep,False,passed,,0,0.231,,,smoke\20260926T145231\bin__zegrep,passed,,0,3.038,search compressed text,,functional\20260926T145416\bin__zegrep
/bin/zfgrep,/bin/zfgrep,False,passed,,0,0.218,,,smoke\20260926T145231\bin__zfgrep,passed,,0,3.012,search compressed text,,functional\20260926T145416\bin__zfgrep
/bin/zforce,/bin/zforce,False,passed,,0,0.139,,,smoke\20260926T145231\bin__zforce,passed,,0,2.524,recognize and rename gzip data,,functional\20260926T145416\bin__zforce
/bin/zgrep,/bin/zgrep,False,passed,,0,0.139,,,smoke\20260926T145231\bin__zgrep,passed,,0,2.894,search compressed text,,functional\20260926T145416\bin__zgrep
/bin/zless,/bin/zless,False,passed,,0,0.136,,,smoke\20260926T145231\bin__zless,passed,,0,2.595,display compressed text without terminal,,functional\20260926T145416\bin__zless
/bin/zmore,/bin/zmore,False,passed,,0,0.135,,,smoke\20260926T145231\bin__zmore,passed,,0,1.872,display compressed text without terminal,,functional\20260926T145416\bin__zmore
/bin/znew,/bin/znew,False,passed,,0,0.129,,,smoke\20260926T145231\bin__znew,not_tested,,,,No functional case yet,,
/sbin/agetty,/sbin/agetty,False,failed,missing_symbol,1,0.189,,ELF exec failed for <rootfs>\sbin\agetty: unresolved symbol getttynam@GLIBC_2.2.5 referenced by agetty,smoke\20260926T145231\sbin__agetty,not_tested,,,,No functional case yet,,
/sbin/badblocks,/sbin/badblocks,False,usage_only,,1,0.137,,,smoke\20260926T145231\sbin__badblocks,passed,,0,0.925,read-only bad-block scan of isolated regular file,,functional\20260926T145416\sbin__badblocks
/sbin/blkdeactivate,/sbin/blkdeactivate,False,passed,,0,0.391,,,smoke\20260926T145231\sbin__blkdeactivate,not_tested,,,,No functional case yet,,
/sbin/blkdiscard,/sbin/blkdiscard,False,passed,,0,0.126,,,smoke\20260926T145231\sbin__blkdiscard,not_tested,,,,No functional case yet,,
/sbin/blkid,/sbin/blkid,False,passed,,0,0.115,,,smoke\20260926T145231\sbin__blkid,passed,,0,1.166,recognize absence of filesystem signature,,functional\20260926T145416\sbin__blkid
/sbin/blkzone,/sbin/blkzone,False,passed,,0,0.128,,,smoke\20260926T145231\sbin__blkzone,not_tested,,,,No functional case yet,,
/sbin/blockdev,/sbin/blockdev,False,passed,,0,0.125,,,smoke\20260926T145231\sbin__blockdev,not_tested,,,,No functional case yet,,
/sbin/bridge,/sbin/bridge,False,usage_only,,4294967295,0.126,,,smoke\20260926T145231\sbin__bridge,passed,,0,1.158,bridge link query,,functional\20260926T145416\sbin__bridge
/sbin/capsh,/sbin/capsh,False,passed,,0,0.123,,,smoke\20260926T145231\sbin__capsh,timeout,timeout,0,30.009,capability state,,functional\20260926T150204\sbin__capsh
/sbin/cfdisk,/sbin/cfdisk,False,passed,,0,0.144,,,smoke\20260926T145231\sbin__cfdisk,not_tested,,,,No functional case yet,,
/sbin/chcpu,/sbin/chcpu,False,passed,,0,0.117,,,smoke\20260926T145231\sbin__chcpu,not_tested,,,,No functional case yet,,
/sbin/ctrlaltdel,/sbin/ctrlaltdel,False,passed,,0,0.123,,,smoke\20260926T145231\sbin__ctrlaltdel,not_tested,,,,No functional case yet,,
/sbin/dcb,/sbin/dcb,False,passed,,0,0.111,,,smoke\20260926T145231\sbin__dcb,failed,environment_or_kernel,1,0.878,DCB application query,Attribute read: Operation not supported,functional\20260926T145416\sbin__dcb
/sbin/debugfs,/sbin/debugfs,False,usage_only,,1,0.13,,,smoke\20260926T145231\sbin__debugfs,passed,,0,2.18,inspect/check isolated ext2 image,,functional\20260926T145416\sbin__debugfs
/sbin/depmod,/bin/kmod,True,passed,,0,0.124,,,smoke\20260926T145231\sbin__depmod,not_tested,,,,No functional case yet,,
/sbin/devlink,/sbin/devlink,False,usage_only,,1,0.121,,,smoke\20260926T145231\sbin__devlink,failed,environment_or_kernel,1,0.896,network device management inventory,Failed to connect to devlink Netlink,functional\20260926T145416\sbin__devlink
/sbin/dhclient,/sbin/dhclient,False,passed,,0,0.151,,,smoke\20260926T145231\sbin__dhclient,not_tested,,,,No functional case yet,,
/sbin/dhclient-script,/sbin/dhclient-script,False,not_tested,,,,Helper requires an explicit isolated case,,,not_tested,,,,No functional case yet,,
/sbin/dmsetup,/sbin/dmsetup,False,failed,missing_symbol,1,0.182,,ELF exec failed for <rootfs>\sbin\dmsetup: unresolved symbol nearbyintl@GLIBC_2.2.5 referenced by libdevmapper.so.1.02.1,smoke\20260926T145231\sbin__dmsetup,not_tested,,,,No functional case yet,,
/sbin/dmstats,/sbin/dmsetup,True,failed,missing_symbol,1,0.169,,ELF exec failed for <rootfs>\sbin\dmsetup: unresolved symbol nearbyintl@GLIBC_2.2.5 referenced by libdevmapper.so.1.02.1,smoke\20260926T145231\sbin__dmstats,not_tested,,,,No functional case yet,,
/sbin/dumpe2fs,/sbin/dumpe2fs,False,usage_only,,1,0.128,,,smoke\20260926T145231\sbin__dumpe2fs,passed,,0,2.296,inspect/check isolated ext2 image,,functional\20260926T145416\sbin__dumpe2fs
/sbin/e2fsck,/sbin/e2fsck,False,passed,,0,0.132,,,smoke\20260926T145231\sbin__e2fsck,passed,,0,2.404,inspect/check isolated ext2 image,,functional\20260926T145416\sbin__e2fsck
/sbin/e2image,/sbin/e2image,False,usage_only,,1,0.123,,,smoke\20260926T145231\sbin__e2image,passed,,0,1.78,export ext filesystem metadata image,,functional\20260926T145416\sbin__e2image
/sbin/e2label,/sbin/tune2fs,True,usage_only,,1,0.125,,,smoke\20260926T145231\sbin__e2label,passed,,0,2.564,inspect/check isolated ext2 image,,functional\20260926T145416\sbin__e2label
/sbin/e2mmpstatus,/sbin/dumpe2fs,True,usage_only,,1,0.142,,,smoke\20260926T145231\sbin__e2mmpstatus,not_tested,,,,No functional case yet,,
/sbin/e2scrub,/sbin/e2scrub,False,usage_only,,2,0.153,,,smoke\20260926T145231\sbin__e2scrub,not_tested,,,,No functional case yet,,
/sbin/e2scrub_all,/sbin/e2scrub_all,False,not_tested,,,,Helper requires an explicit isolated case,,,not_tested,,,,No functional case yet,,
/sbin/e2undo,/sbin/e2undo,False,usage_only,,1,0.133,,,smoke\20260926T145231\sbin__e2undo,not_tested,,,,No functional case yet,,
/sbin/fdisk,/sbin/fdisk,False,passed,,0,0.13,,,smoke\20260926T145231\sbin__fdisk,passed,,0,2.04,inspect isolated blank disk image,,functional\20260926T145416\sbin__fdisk
/sbin/findfs,/sbin/findfs,False,passed,,0,0.124,,,smoke\20260926T145231\sbin__findfs,not_tested,,,,No functional case yet,,
/sbin/fsck,/sbin/fsck,False,passed,,0,0.135,,,smoke\20260926T145231\sbin__fsck,passed,,0,1.925,show filesystem-check invocation without execution,,functional\20260926T145416\sbin__fsck
/sbin/fsck.cramfs,/sbin/fsck.cramfs,False,passed,,0,0.122,,,smoke\20260926T145231\sbin__fsck.cramfs,passed,,0,1.557,check isolated cramfs image,,functional\20260926T145416\sbin__fsck.cramfs
/sbin/fsck.ext2,/sbin/e2fsck,True,passed,,0,0.13,,,smoke\20260926T145231\sbin__fsck.ext2,passed,,0,2.312,inspect/check isolated ext2 image,,functional\20260926T145416\sbin__fsck.ext2
/sbin/fsck.ext3,/sbin/e2fsck,True,passed,,0,0.132,,,smoke\20260926T145231\sbin__fsck.ext3,passed,,0,2.235,inspect/check isolated ext2 image,,functional\20260926T145416\sbin__fsck.ext3
/sbin/fsck.ext4,/sbin/e2fsck,True,passed,,0,0.129,,,smoke\20260926T145231\sbin__fsck.ext4,passed,,0,2.234,inspect/check isolated ext2 image,,functional\20260926T145416\sbin__fsck.ext4
/sbin/fsck.minix,/sbin/fsck.minix,False,passed,,0,0.13,,,smoke\20260926T145231\sbin__fsck.minix,passed,,0,1.363,check isolated Minix filesystem,,functional\20260926T145416\sbin__fsck.minix
/sbin/fsfreeze,/sbin/fsfreeze,False,passed,,0,0.122,,,smoke\20260926T145231\sbin__fsfreeze,not_tested,,,,No functional case yet,,
/sbin/fstab-decode,/sbin/fstab-decode,False,passed,,0,0.188,,,smoke\20260926T145231\sbin__fstab-decode,passed,,0,1.423,decode fstab octal escaping in child argument,,functional\20260926T145416\sbin__fstab-decode
/sbin/fstrim,/sbin/fstrim,False,passed,,0,0.128,,,smoke\20260926T145231\sbin__fstrim,not_tested,,,,No functional case yet,,
/sbin/getcap,/sbin/getcap,False,usage_only,,1,0.107,,,smoke\20260926T145231\sbin__getcap,passed,,0,1.312,file capability query,,functional\20260926T145416\sbin__getcap
/sbin/getpcaps,/sbin/getpcaps,False,passed,,0,0.111,,,smoke\20260926T145231\sbin__getpcaps,failed,exit_or_assertion,1,1.021,process capability query,Failed to get cap's for process 1: (No such process),functional\20260926T145416\sbin__getpcaps
/sbin/getty,/sbin/agetty,True,failed,missing_symbol,1,0.157,,ELF exec failed for <rootfs>\sbin\agetty: unresolved symbol getttynam@GLIBC_2.2.5 referenced by agetty,smoke\20260926T145231\sbin__getty,not_tested,,,,No functional case yet,,
/sbin/halt,/bin/systemctl,True,passed,,0,0.159,,,smoke\20260926T145231\sbin__halt,not_tested,,,,No functional case yet,,
/sbin/hwclock,/sbin/hwclock,False,failed,missing_symbol,1,0.162,,ELF exec failed for <rootfs>\sbin\hwclock: unresolved symbol iopl@GLIBC_2.2.5 referenced by hwclock,smoke\20260926T145231\sbin__hwclock,failed,missing_symbol,126,1.023,hardware clock query,ELF exec failed for <rootfs>\sbin\hwclock: unresolved symbol iopl@GLIBC_2.2.5 referenced by hwclock --: line 5: /sbin/hwclock: cannot execute binary file: Exec format error,functional\20260926T145416\sbin__hwclock
/sbin/ifdown,/sbin/ifup,True,failed,missing_symbol,1,0.157,,ELF exec failed for <rootfs>\sbin\ifup: unresolved symbol wordfree@GLIBC_2.2.5 referenced by ifup,smoke\20260926T145231\sbin__ifdown,not_tested,,,,No functional case yet,,
/sbin/ifquery,/sbin/ifup,True,failed,missing_symbol,1,0.154,,ELF exec failed for <rootfs>\sbin\ifup: unresolved symbol wordfree@GLIBC_2.2.5 referenced by ifup,smoke\20260926T145231\sbin__ifquery,failed,missing_symbol,126,1.005,parse configured network interfaces,ELF exec failed for <rootfs>\sbin\ifup: unresolved symbol wordfree@GLIBC_2.2.5 referenced by ifup --: line 5: /sbin/ifquery: cannot execute binary file: Exec format error,functional\20260926T145416\sbin__ifquery
/sbin/ifup,/sbin/ifup,False,failed,missing_symbol,1,0.147,,ELF exec failed for <rootfs>\sbin\ifup: unresolved symbol wordfree@GLIBC_2.2.5 referenced by ifup,smoke\20260926T145231\sbin__ifup,not_tested,,,,No functional case yet,,
/sbin/init,/lib/systemd/systemd,True,failed,missing_symbol,1,0.182,,ELF exec failed for <rootfs>\lib\systemd\systemd: unresolved symbol fgetsgent@GLIBC_2.10 referenced by libsystemd-shared-252.so,smoke\20260926T145231\sbin__init,not_tested,,,,No functional case yet,,
/sbin/insmod,/bin/kmod,True,passed,,0,0.112,,,smoke\20260926T145231\sbin__insmod,not_tested,,,,No functional case yet,,
/sbin/installkernel,/sbin/installkernel,False,not_tested,,,,Helper requires an explicit isolated case,,,not_tested,,,,No functional case yet,,
/sbin/ip,/bin/ip,True,usage_only,,4294967295,0.111,,,smoke\20260926T145231\sbin__ip,passed,,0,1.721,network interface address dump,,functional\20260926T145416\sbin__ip
/sbin/isosize,/sbin/isosize,False,passed,,0,0.113,,,smoke\20260926T145231\sbin__isosize,not_tested,,,,No functional case yet,,
/sbin/killall5,/sbin/killall5,False,not_tested,,,,Helper requires an explicit isolated case,,,not_tested,,,,No functional case yet,,
/sbin/ldconfig,/sbin/ldconfig,False,passed,,0,0.144,,,smoke\20260926T145231\sbin__ldconfig,failed,missing_package_or_configuration,1,1.207,shared library cache lookup,/sbin/ldconfig: Can't open cache file /etc/ld.so.cache : No such file or directory,functional\20260926T145416\sbin__ldconfig
/sbin/logsave,/sbin/logsave,False,usage_only,,1,0.116,,,smoke\20260926T145231\sbin__logsave,passed,,0,1.726,capture command output in log file,,functional\20260926T145416\sbin__logsave
/sbin/losetup,/sbin/losetup,False,passed,,0,0.117,,,smoke\20260926T145231\sbin__losetup,passed,,0,1.392,loop-device query,,functional\20260926T145416\sbin__losetup
/sbin/lsmod,/bin/kmod,True,usage_only,,1,0.126,,,smoke\20260926T145231\sbin__lsmod,failed,environment_or_kernel,1,1.102,loaded kernel module listing,libkmod: ERROR ../libkmod/libkmod-module.c:1725 kmod_module_new_from_loaded: could not open /proc/modules: No such file or directory Error: could not get list of modules: No such file or directory,functional\20260926T145416\sbin__lsmod
/sbin/mke2fs,/sbin/mke2fs,False,usage_only,,1,0.131,,,smoke\20260926T145231\sbin__mke2fs,passed,,0,1.893,create filesystem in isolated regular file,,functional\20260926T145416\sbin__mke2fs
/sbin/mkfs,/sbin/mkfs,False,passed,,0,0.121,,,smoke\20260926T145231\sbin__mkfs,passed,,0,2.108,generic filesystem creation dispatcher on regular file,,functional\20260926T145416\sbin__mkfs
/sbin/mkfs.bfs,/sbin/mkfs.bfs,False,passed,,0,0.118,,,smoke\20260926T145231\sbin__mkfs.bfs,passed,,0,1.121,create BFS filesystem in isolated regular file,,functional\20260926T145416\sbin__mkfs.bfs
/sbin/mkfs.cramfs,/sbin/mkfs.cramfs,False,passed,,0,0.117,,,smoke\20260926T145231\sbin__mkfs.cramfs,passed,,0,1.055,create compressed filesystem from fixture directory,,functional\20260926T145416\sbin__mkfs.cramfs
/sbin/mkfs.ext2,/sbin/mke2fs,True,usage_only,,1,0.125,,,smoke\20260926T145231\sbin__mkfs.ext2,passed,,0,1.92,create filesystem in isolated regular file,,functional\20260926T145416\sbin__mkfs.ext2
/sbin/mkfs.ext3,/sbin/mke2fs,True,usage_only,,1,0.128,,,smoke\20260926T145231\sbin__mkfs.ext3,passed,,0,2.121,create filesystem in isolated regular file,,functional\20260926T145416\sbin__mkfs.ext3
/sbin/mkfs.ext4,/sbin/mke2fs,True,usage_only,,1,0.127,,,smoke\20260926T145231\sbin__mkfs.ext4,passed,,0,1.904,create filesystem in isolated regular file,,functional\20260926T145416\sbin__mkfs.ext4
/sbin/mkfs.minix,/sbin/mkfs.minix,False,passed,,0,0.114,,,smoke\20260926T145231\sbin__mkfs.minix,passed,,0,1.735,create Minix filesystem in isolated regular file,,functional\20260926T145416\sbin__mkfs.minix
/sbin/mkhomedir_helper,/sbin/mkhomedir_helper,False,not_tested,,,,Helper requires an explicit isolated case,,,not_tested,,,,No functional case yet,,
/sbin/mkswap,/sbin/mkswap,False,passed,,0,0.132,,,smoke\20260926T145231\sbin__mkswap,passed,,0,1.631,create swap signature in isolated regular file,,functional\20260926T145416\sbin__mkswap
/sbin/modinfo,/bin/kmod,True,passed,,0,0.136,,,smoke\20260926T145231\sbin__modinfo,failed,environment_or_kernel,1,1.024,kernel module metadata,modinfo: ERROR: Module loop not found.,functional\20260926T145416\sbin__modinfo
/sbin/modprobe,/bin/kmod,True,passed,,0,0.128,,,smoke\20260926T145231\sbin__modprobe,not_tested,,,,No functional case yet,,
/sbin/pam_namespace_helper,/sbin/pam_namespace_helper,False,not_tested,,,,Helper requires an explicit isolated case,,,not_tested,,,,No functional case yet,,
/sbin/pivot_root,/sbin/pivot_root,False,passed,,0,0.12,,,smoke\20260926T145231\sbin__pivot_root,not_tested,,,,No functional case yet,,
/sbin/poweroff,/bin/systemctl,True,passed,,0,0.166,,,smoke\20260926T145231\sbin__poweroff,not_tested,,,,No functional case yet,,
/sbin/pwhistory_helper,/sbin/pwhistory_helper,False,not_tested,,,,Helper requires an explicit isolated case,,,not_tested,,,,No functional case yet,,
/sbin/reboot,/bin/systemctl,True,passed,,0,0.172,,,smoke\20260926T145231\sbin__reboot,not_tested,,,,No functional case yet,,
/sbin/resize2fs,/sbin/resize2fs,False,usage_only,,1,0.124,,,smoke\20260926T145231\sbin__resize2fs,passed,,0,2.097,grow isolated ext filesystem image,,functional\20260926T145416\sbin__resize2fs
/sbin/rmmod,/bin/kmod,True,passed,,0,0.144,,,smoke\20260926T145231\sbin__rmmod,not_tested,,,,No functional case yet,,
/sbin/rtacct,/sbin/rtacct,False,usage_only,,4294967295,0.137,,,smoke\20260926T145231\sbin__rtacct,passed,,0,1.483,routing accounting query,,functional\20260926T145416\sbin__rtacct
/sbin/rtmon,/sbin/rtmon,False,usage_only,,4294967295,0.136,,,smoke\20260926T145231\sbin__rtmon,not_tested,,,,No functional case yet,,
/sbin/runlevel,/bin/systemctl,True,passed,,0,0.187,,,smoke\20260926T145231\sbin__runlevel,not_tested,,,,No functional case yet,,
/sbin/runuser,/sbin/runuser,False,passed,,0,0.149,,,smoke\20260926T145231\sbin__runuser,failed,exit_or_assertion,1,2.002,run command under root account,/sbin/runuser: Critical error - immediate abort,functional\20260926T145416\sbin__runuser
/sbin/setcap,/sbin/setcap,False,usage_only,,1,0.135,,,smoke\20260926T145231\sbin__setcap,failed,exit_or_assertion,1,0.91,file capability roundtrip on isolated file,unable to set CAP_SETFCAP effective capability: Operation not permitted,functional\20260926T145416\sbin__setcap
/sbin/sfdisk,/sbin/sfdisk,False,passed,,0,0.154,,,smoke\20260926T145231\sbin__sfdisk,passed,,0,1.568,inspect isolated blank disk image,,functional\20260926T145416\sbin__sfdisk
/sbin/shadowconfig,/sbin/shadowconfig,False,not_tested,,,,Helper requires an explicit isolated case,,,not_tested,,,,No functional case yet,,
/sbin/shutdown,/bin/systemctl,True,passed,,0,0.187,,,smoke\20260926T145231\sbin__shutdown,not_tested,,,,No functional case yet,,
/sbin/start-stop-daemon,/sbin/start-stop-daemon,False,passed,,0,0.127,,,smoke\20260926T145231\sbin__start-stop-daemon,passed,,0,1.494,dry-run daemon launch decision,,functional\20260926T145416\sbin__start-stop-daemon
/sbin/sulogin,/sbin/sulogin,False,passed,,0,0.138,,,smoke\20260926T145231\sbin__sulogin,not_tested,,,,No functional case yet,,
/sbin/swaplabel,/sbin/swaplabel,False,passed,,0,0.132,,,smoke\20260926T145231\sbin__swaplabel,passed,,0,1.827,update and read swap label in regular file,,functional\20260926T145416\sbin__swaplabel
/sbin/swapoff,/sbin/swapoff,False,passed,,0,0.145,,,smoke\20260926T145231\sbin__swapoff,not_tested,,,,No functional case yet,,
/sbin/swapon,/sbin/swapon,False,passed,,0,0.15,,,smoke\20260926T145231\sbin__swapon,passed,,0,1.194,swap inventory,,functional\20260926T145416\sbin__swapon
/sbin/switch_root,/sbin/switch_root,False,passed,,0,0.13,,,smoke\20260926T145231\sbin__switch_root,not_tested,,,,No functional case yet,,
/sbin/sysctl,/sbin/sysctl,False,passed,,0,0.117,,,smoke\20260926T145231\sbin__sysctl,passed,,0,1.443,read kernel hostname sysctl,,functional\20260926T145416\sbin__sysctl
/sbin/tc,/sbin/tc,False,passed,,0,0.146,,,smoke\20260926T145231\sbin__tc,failed,environment_or_kernel,1,0.91,queue discipline query,RTNETLINK answers: Operation not supported Dump terminated,functional\20260926T145416\sbin__tc
/sbin/telinit,/bin/systemctl,True,failed,exit_or_assertion,1,0.183,,[0;1;31mCouldn't find an alternative telinit implementation to spawn.[0m,smoke\20260926T145231\sbin__telinit,not_tested,,,,No functional case yet,,
/sbin/tipc,/sbin/tipc,False,failed,exit_or_assertion,4294967295,0.128,,Unable to get TIPC nl family id (module loaded?),smoke\20260926T145231\sbin__tipc,not_tested,,,,No functional case yet,,
/sbin/tune2fs,/sbin/tune2fs,False,usage_only,,1,0.138,,,smoke\20260926T145231\sbin__tune2fs,passed,,0,1.857,inspect/check isolated ext2 image,,functional\20260926T145416\sbin__tune2fs
/sbin/unix_chkpwd,/sbin/unix_chkpwd,False,not_tested,,,,Helper requires an explicit isolated case,,,not_tested,,,,No functional case yet,,
/sbin/unix_update,/sbin/unix_update,False,not_tested,,,,Helper requires an explicit isolated case,,,not_tested,,,,No functional case yet,,
/sbin/vdpa,/sbin/vdpa,False,passed,,0,0.129,,,smoke\20260926T145231\sbin__vdpa,failed,environment_or_kernel,1,0.932,virtual datapath device query,Failed to connect to vdpa Netlink,functional\20260926T145416\sbin__vdpa
/sbin/wipefs,/sbin/wipefs,False,passed,,0,0.133,,,smoke\20260926T145231\sbin__wipefs,passed,,0,1.14,read-only filesystem signature scan,,functional\20260926T145416\sbin__wipefs
/sbin/zramctl,/sbin/zramctl,False,passed,,0,0.14,,,smoke\20260926T145231\sbin__zramctl,passed,,0,1.08,compressed RAM block-device query,,functional\20260926T145416\sbin__zramctl
/usr/bin/[,/usr/bin/[,False,passed,,1,0.124,,,smoke\20260926T145231\usr__bin__[,passed,,0,1.1,bracket predicates and negative result,,functional\20260926T145416\usr__bin__[
/usr/bin/addpart,/usr/bin/addpart,False,passed,,0,0.142,,,smoke\20260926T145231\usr__bin__addpart,not_tested,,,,No functional case yet,,
/usr/bin/apropos,/usr/bin/whatis,True,passed,,0,0.157,,,smoke\20260926T145231\usr__bin__apropos,failed,exit_or_assertion,16,0.919,manual database lookup,printf: nothing appropriate.,functional\20260926T145416\usr__bin__apropos
/usr/bin/apt,/usr/bin/apt,False,passed,,0,0.249,,,smoke\20260926T145231\usr__bin__apt,passed,,0,2.114,APT installed-package listing,,functional\20260926T145416\usr__bin__apt
/usr/bin/apt-cache,/usr/bin/apt-cache,False,passed,,0,0.239,,,smoke\20260926T145231\usr__bin__apt-cache,passed,,0,1.689,APT package policy query,,functional\20260926T145416\usr__bin__apt-cache
/usr/bin/apt-cdrom,/usr/bin/apt-cdrom,False,passed,,0,0.213,,,smoke\20260926T145231\usr__bin__apt-cdrom,not_tested,,,,No functional case yet,,
/usr/bin/apt-config,/usr/bin/apt-config,False,passed,,0,0.217,,,smoke\20260926T145231\usr__bin__apt-config,passed,,0,1.711,APT configuration decoding,,functional\20260926T145416\usr__bin__apt-config
/usr/bin/apt-extracttemplates,/usr/bin/apt-extracttemplates,False,passed,,0,0.208,,,smoke\20260926T145231\usr__bin__apt-extracttemplates,not_tested,,,,No functional case yet,,
/usr/bin/apt-ftparchive,/usr/bin/apt-ftparchive,False,passed,,0,0.235,,,smoke\20260926T145231\usr__bin__apt-ftparchive,passed,,0,1.499,generate Debian package index,,functional\20260926T145416\usr__bin__apt-ftparchive
/usr/bin/apt-get,/usr/bin/apt-get,False,passed,,0,0.228,,,smoke\20260926T145231\usr__bin__apt-get,passed,,0,1.72,APT dependency consistency,,functional\20260926T145416\usr__bin__apt-get
/usr/bin/apt-key,/usr/bin/apt-key,False,usage_only,,1,1.88,,,smoke\20260926T145231\usr__bin__apt-key,not_tested,,,,No functional case yet,,
/usr/bin/apt-listchanges,/usr/bin/apt-listchanges,False,passed,,0,1.209,,,smoke\20260926T145231\usr__bin__apt-listchanges,passed,,0,3.778,inspect changelog from local Debian archive,,functional\20260926T145416\usr__bin__apt-listchanges
/usr/bin/apt-mark,/usr/bin/apt-mark,False,passed,,0,0.223,,,smoke\20260926T145231\usr__bin__apt-mark,passed,,0,1.911,APT manual package inventory,,functional\20260926T145416\usr__bin__apt-mark
/usr/bin/apt-sortpkgs,/usr/bin/apt-sortpkgs,False,passed,,0,0.219,,,smoke\20260926T145231\usr__bin__apt-sortpkgs,passed,,0,1.581,normalize package index,,functional\20260926T145416\usr__bin__apt-sortpkgs
/usr/bin/arch,/usr/bin/arch,False,passed,,0,0.141,,,smoke\20260926T145231\usr__bin__arch,passed,,0,1.487,system identity query,,functional\20260926T145416\usr__bin__arch
/usr/bin/awk,/usr/bin/mawk,True,passed,,0,0.167,,,smoke\20260926T145231\usr__bin__awk,passed,,0,1.347,awk record processing,,functional\20260926T145416\usr__bin__awk
/usr/bin/b2sum,/usr/bin/b2sum,False,passed,,0,0.14,,,smoke\20260926T145231\usr__bin__b2sum,passed,,0,1.491,known file digest,,functional\20260926T145416\usr__bin__b2sum
/usr/bin/base32,/usr/bin/base32,False,passed,,0,0.133,,,smoke\20260926T145231\usr__bin__base32,passed,,0,1.141,base32 encoding,,functional\20260926T145416\usr__bin__base32
/usr/bin/base64,/usr/bin/base64,False,passed,,0,0.133,,,smoke\20260926T145231\usr__bin__base64,passed,,0,1.172,base64 encoding,,functional\20260926T145416\usr__bin__base64
/usr/bin/basename,/usr/bin/basename,False,passed,,0,0.135,,,smoke\20260926T145231\usr__bin__basename,passed,,0,1.068,path basename and suffix removal,,functional\20260926T145416\usr__bin__basename
/usr/bin/basenc,/usr/bin/basenc,False,passed,,0,0.129,,,smoke\20260926T145231\usr__bin__basenc,passed,,0,1.158,base16 encoding,,functional\20260926T145416\usr__bin__basenc
/usr/bin/bashbug,/usr/bin/bashbug,False,not_tested,,,,Helper requires an explicit isolated case,,,not_tested,,,,No functional case yet,,
/usr/bin/bsd-mailx,/usr/bin/bsd-mailx,False,failed,missing_symbol,1,0.187,,ELF exec failed for <rootfs>\usr\bin\bsd-mailx: unresolved symbol wordfree@GLIBC_2.2.5 referenced by bsd-mailx,smoke\20260926T145231\usr__bin__bsd-mailx,not_tested,,,,No functional case yet,,
/usr/bin/busctl,/usr/bin/busctl,False,failed,missing_symbol,1,0.212,,ELF exec failed for <rootfs>\usr\bin\busctl: unresolved symbol fgetsgent@GLIBC_2.10 referenced by libsystemd-shared-252.so,smoke\20260926T145231\usr__bin__busctl,failed,missing_symbol,126,0.828,query system bus names,ELF exec failed for <rootfs>\usr\bin\busctl: unresolved symbol fgetsgent@GLIBC_2.10 referenced by libsystemd-shared-252.so --: line 5: /usr/bin/busctl: cannot execute binary file: Exec format error,functional\20260926T145416\usr__bin__busctl
/usr/bin/c_rehash,/usr/bin/c_rehash,False,passed,,0,0.141,,,smoke\20260926T145231\usr__bin__c_rehash,passed,,0,1.124,rehash isolated empty certificate directory,,functional\20260926T145416\usr__bin__c_rehash
/usr/bin/captoinfo,/usr/bin/tic,True,usage_only,,1,0.122,,,smoke\20260926T145231\usr__bin__captoinfo,passed,,0,1.291,termcap to terminfo conversion,,functional\20260926T145416\usr__bin__captoinfo
/usr/bin/catman,/usr/bin/catman,False,passed,,0,0.13,,,smoke\20260926T145231\usr__bin__catman,not_tested,,,,No functional case yet,,
/usr/bin/chage,/usr/bin/chage,False,passed,,0,0.132,,,smoke\20260926T145231\usr__bin__chage,failed,missing_package_or_configuration,15,0.819,password aging query,chage: the shadow password file is not present,functional\20260926T145416\usr__bin__chage
/usr/bin/chardet,/usr/bin/chardetect,True,passed,,0,0.951,,,smoke\20260926T145231\usr__bin__chardet,passed,,0,2.481,Python encoding detection,,functional\20260926T145416\usr__bin__chardet
/usr/bin/chardetect,/usr/bin/chardetect,False,passed,,0,0.939,,,smoke\20260926T145231\usr__bin__chardetect,passed,,0,2.406,Python encoding detection,,functional\20260926T145416\usr__bin__chardetect
/usr/bin/chattr,/usr/bin/chattr,False,usage_only,,1,0.123,,,smoke\20260926T145231\usr__bin__chattr,failed,environment_or_kernel,1,0.806,set isolated file nodump attribute,/usr/bin/chattr: Operation not supported while setting flags on ascii.txt,functional\20260926T145416\usr__bin__chattr
/usr/bin/chcon,/usr/bin/chcon,False,passed,,0,0.129,,,smoke\20260926T145231\usr__bin__chcon,not_tested,,,,No functional case yet,,
/usr/bin/chfn,/usr/bin/chfn,False,passed,,0,0.137,,,smoke\20260926T145231\usr__bin__chfn,not_tested,,,,No functional case yet,,
/usr/bin/choom,/usr/bin/choom,False,passed,,0,0.132,,,smoke\20260926T145231\usr__bin__choom,failed,exit_or_assertion,1,0.833,query OOM score,/usr/bin/choom: failed to read OOM score value: No such file or directory,functional\20260926T145416\usr__bin__choom
/usr/bin/chrt,/usr/bin/chrt,False,passed,,0,0.122,,,smoke\20260926T145231\usr__bin__chrt,passed,,0,1.304,read scheduling policy,,functional\20260926T145416\usr__bin__chrt
/usr/bin/chsh,/usr/bin/chsh,False,passed,,0,0.144,,,smoke\20260926T145231\usr__bin__chsh,not_tested,,,,No functional case yet,,
/usr/bin/cksum,/usr/bin/cksum,False,passed,,0,0.138,,,smoke\20260926T145231\usr__bin__cksum,passed,,0,1.287,file checksum,,functional\20260926T145416\usr__bin__cksum
/usr/bin/clear,/usr/bin/clear,False,usage_only,,1,0.13,,,smoke\20260926T145231\usr__bin__clear,passed,,0,0.774,emit terminal clear escape sequence,,functional\20260926T145416\usr__bin__clear
/usr/bin/clear_console,/usr/bin/clear_console,False,not_tested,,,,Helper requires an explicit isolated case,,,not_tested,,,,No functional case yet,,
/usr/bin/cmp,/usr/bin/cmp,False,passed,,0,0.151,,,smoke\20260926T145231\usr__bin__cmp,passed,,0,1.063,equal and unequal byte comparison,,functional\20260926T145416\usr__bin__cmp
/usr/bin/col,/usr/bin/col,False,passed,,0,0.134,,,smoke\20260926T145231\usr__bin__col,passed,,0,1.506,terminal formatting filter,,functional\20260926T145416\usr__bin__col
/usr/bin/colcrt,/usr/bin/colcrt,False,passed,,0,0.116,,,smoke\20260926T145231\usr__bin__colcrt,passed,,0,1.516,terminal formatting filter,,functional\20260926T145416\usr__bin__colcrt
/usr/bin/colrm,/usr/bin/colrm,False,passed,,0,0.133,,,smoke\20260926T145231\usr__bin__colrm,passed,,0,1.29,remove text columns,,functional\20260926T145416\usr__bin__colrm
/usr/bin/column,/usr/bin/column,False,passed,,0,0.134,,,smoke\20260926T145231\usr__bin__column,passed,,0,1.607,column alignment,,functional\20260926T145416\usr__bin__column
/usr/bin/comm,/usr/bin/comm,False,passed,,0,0.125,,,smoke\20260926T145231\usr__bin__comm,passed,,0,1.227,compare sorted files,,functional\20260926T145416\usr__bin__comm
/usr/bin/compose,/usr/bin/run-mailcap,True,passed,,0,0.285,,,smoke\20260926T145231\usr__bin__compose,not_tested,,,,No functional case yet,,
/usr/bin/corelist,/usr/bin/corelist,False,usage_only,,1,0.479,,,smoke\20260926T145231\usr__bin__corelist,passed,,0,2.035,Perl core module inventory,,functional\20260926T145416\usr__bin__corelist
/usr/bin/cpan,/usr/bin/cpan,False,usage_only,,25,1.308,,,smoke\20260926T145231\usr__bin__cpan,not_tested,,,,No functional case yet,,
/usr/bin/cpan5.36-x86_64-linux-gnu,/usr/bin/cpan5.36-x86_64-linux-gnu,False,usage_only,,25,1.326,,,smoke\20260926T145231\usr__bin__cpan5.36-x86_64-linux-gnu,not_tested,,,,No functional case yet,,
/usr/bin/crontab,/usr/bin/crontab,False,usage_only,,1,0.125,,,smoke\20260926T145231\usr__bin__crontab,not_tested,,,,No functional case yet,,
/usr/bin/csplit,/usr/bin/csplit,False,passed,,0,0.121,,,smoke\20260926T145231\usr__bin__csplit,passed,,0,1.377,split at line boundary,,functional\20260926T145416\usr__bin__csplit
/usr/bin/ctstat,/usr/bin/lnstat,True,passed,,0,0.113,,,smoke\20260926T145231\usr__bin__ctstat,failed,environment_or_kernel,1,0.849,kernel network statistics,Your kernel doesn't have lnstat support.,functional\20260926T145416\usr__bin__ctstat
/usr/bin/curl,/usr/bin/curl,False,passed,,0,0.281,,,smoke\20260926T145231\usr__bin__curl,passed,,0,1.661,local HTTP response body,,functional\20260926T145416\usr__bin__curl
/usr/bin/cut,/usr/bin/cut,False,passed,,0,0.116,,,smoke\20260926T145231\usr__bin__cut,passed,,0,1.213,field extraction,,functional\20260926T145416\usr__bin__cut
/usr/bin/dbus-cleanup-sockets,/usr/bin/dbus-cleanup-sockets,False,passed,,0,0.113,,,smoke\20260926T145231\usr__bin__dbus-cleanup-sockets,not_tested,,,,No functional case yet,,
/usr/bin/dbus-daemon,/usr/bin/dbus-daemon,False,passed,,0,0.167,,,smoke\20260926T145231\usr__bin__dbus-daemon,not_tested,,,,No functional case yet,,
/usr/bin/dbus-monitor,/usr/bin/dbus-monitor,False,passed,,0,0.135,,,smoke\20260926T145231\usr__bin__dbus-monitor,not_tested,,,,No functional case yet,,
/usr/bin/dbus-run-session,/usr/bin/dbus-run-session,False,passed,,0,0.138,,,smoke\20260926T145231\usr__bin__dbus-run-session,passed,,0,1.939,launch private session bus,,functional\20260926T145416\usr__bin__dbus-run-session
/usr/bin/dbus-send,/usr/bin/dbus-send,False,usage_only,,1,0.14,,,smoke\20260926T145231\usr__bin__dbus-send,not_tested,,,,No functional case yet,,
/usr/bin/dbus-update-activation-environment,/usr/bin/dbus-update-activation-environment,False,usage_only,,64,0.141,,,smoke\20260926T145231\usr__bin__dbus-update-activation-environment,not_tested,,,,No functional case yet,,
/usr/bin/dbus-uuidgen,/usr/bin/dbus-uuidgen,False,passed,,0,0.142,,,smoke\20260926T145231\usr__bin__dbus-uuidgen,passed,,0,1.38,generate D-Bus machine identifier,,functional\20260926T145416\usr__bin__dbus-uuidgen
/usr/bin/deb-systemd-helper,/usr/bin/deb-systemd-helper,False,passed,,0,0.344,,,smoke\20260926T145231\usr__bin__deb-systemd-helper,not_tested,,,,No functional case yet,,
/usr/bin/deb-systemd-invoke,/usr/bin/deb-systemd-invoke,False,usage_only,,1,0.202,,,smoke\20260926T145231\usr__bin__deb-systemd-invoke,not_tested,,,,No functional case yet,,
/usr/bin/debconf,/usr/bin/debconf,False,usage_only,,1,0.718,,,smoke\20260926T145231\usr__bin__debconf,passed,,0,6.791,run command with debconf protocol environment,,functional\20260926T145416\usr__bin__debconf
/usr/bin/debconf-apt-progress,/usr/bin/debconf-apt-progress,False,not_tested,,,,Helper requires an explicit isolated case,,,not_tested,,,,No functional case yet,,
/usr/bin/debconf-communicate,/usr/bin/debconf-communicate,False,usage_only,,1,0.751,,,smoke\20260926T145231\usr__bin__debconf-communicate,passed,,0,7.058,debconf protocol negotiation,,functional\20260926T145416\usr__bin__debconf-communicate
/usr/bin/debconf-copydb,/usr/bin/debconf-copydb,False,usage_only,,1,0.657,,,smoke\20260926T145231\usr__bin__debconf-copydb,not_tested,,,,No functional case yet,,
/usr/bin/debconf-escape,/usr/bin/debconf-escape,False,usage_only,,1,0.2,,,smoke\20260926T145231\usr__bin__debconf-escape,passed,,0,1.365,debconf newline escaping,,functional\20260926T145416\usr__bin__debconf-escape
/usr/bin/debconf-set-selections,/usr/bin/debconf-set-selections,False,usage_only,,1,0.645,,,smoke\20260926T145231\usr__bin__debconf-set-selections,passed,,0,1.954,validate debconf selections without changing database,,functional\20260926T145416\usr__bin__debconf-set-selections
/usr/bin/debconf-show,/usr/bin/debconf-show,False,usage_only,,1,0.642,,,smoke\20260926T145231\usr__bin__debconf-show,passed,,0,2.194,debconf package settings query,,functional\20260926T145416\usr__bin__debconf-show
/usr/bin/debianbts,/usr/bin/debianbts,False,passed,,0,1.508,,,smoke\20260926T145231\usr__bin__debianbts,not_tested,,,,No functional case yet,,
/usr/bin/delpart,/usr/bin/delpart,False,passed,,0,0.122,,,smoke\20260926T145231\usr__bin__delpart,not_tested,,,,No functional case yet,,
/usr/bin/delv,/usr/bin/delv,False,usage_only,,1,0.36,,,smoke\20260926T145231\usr__bin__delv,not_tested,,,,No functional case yet,,
/usr/bin/dh_bash-completion,/usr/bin/dh_bash-completion,False,failed,missing_package_or_configuration,2,0.237,,Can't locate Debian/Debhelper/Dh_Lib.pm in @INC (you may need to install the Debian::Debhelper::Dh_Lib module) (@INC contains: /etc/perl /usr/local/lib/x86_64-linux-gnu/perl/5.36.0 /usr/local/share/perl/5.36.0 /usr/lib/x86_64-linux-gnu/perl5/5.36 /usr/share/perl5 /usr/lib/x86_64-linux-gnu/perl-base /usr/lib/x86_64-linux-gnu/perl/5.36 /usr/share/perl/5.36 /usr/local/lib/site_perl) at /usr/bin/dh_bash-completion line 11. BEGIN failed--compilation aborted at /usr/bin/dh_bash-completion line 11.,smoke\20260926T145231\usr__bin__dh_bash-completion,not_tested,,,,No functional case yet,,
/usr/bin/diff,/usr/bin/diff,False,passed,,0,0.143,,,smoke\20260926T145231\usr__bin__diff,passed,,0,1.507,unified diff and exit status,,functional\20260926T145416\usr__bin__diff
/usr/bin/diff3,/usr/bin/diff3,False,passed,,0,0.152,,,smoke\20260926T145231\usr__bin__diff3,passed,,0,2.149,three-way differences,,functional\20260926T145416\usr__bin__diff3
/usr/bin/dig,/usr/bin/dig,False,usage_only,,1,0.285,,,smoke\20260926T145231\usr__bin__dig,failed,signal_exit,143,0.541,query controlled local DNS server,Terminated,functional\20260926T150204\usr__bin__dig
/usr/bin/dircolors,/usr/bin/dircolors,False,passed,,0,0.127,,,smoke\20260926T145231\usr__bin__dircolors,passed,,0,1.61,shell color configuration,,functional\20260926T145416\usr__bin__dircolors
/usr/bin/dirname,/usr/bin/dirname,False,passed,,0,0.127,,,smoke\20260926T145231\usr__bin__dirname,passed,,0,1.359,path parent extraction,,functional\20260926T145416\usr__bin__dirname
/usr/bin/dnstap-read,/usr/bin/dnstap-read,False,usage_only,,1,0.266,,,smoke\20260926T145231\usr__bin__dnstap-read,not_tested,,,,No functional case yet,,
/usr/bin/dotlockfile,/usr/bin/dotlockfile,False,usage_only,,1,0.126,,,smoke\20260926T145231\usr__bin__dotlockfile,passed,,0,1.309,dotlock creation and removal,,functional\20260926T145416\usr__bin__dotlockfile
/usr/bin/dpkg,/usr/bin/dpkg,False,passed,,0,0.139,,,smoke\20260926T145231\usr__bin__dpkg,passed,,0,2.065,"install, verify payload, and remove Debian package in private root",,functional\20260926T150204\usr__bin__dpkg
/usr/bin/dpkg-deb,/usr/bin/dpkg-deb,False,passed,,0,0.145,,,smoke\20260926T145231\usr__bin__dpkg-deb,passed,,0,2.558,read Debian archive control metadata,,functional\20260926T145416\usr__bin__dpkg-deb
/usr/bin/dpkg-divert,/usr/bin/dpkg-divert,False,passed,,0,0.128,,,smoke\20260926T145231\usr__bin__dpkg-divert,passed,,0,1.334,file diversion inventory,,functional\20260926T145416\usr__bin__dpkg-divert
/usr/bin/dpkg-maintscript-helper,/usr/bin/dpkg-maintscript-helper,False,passed,,0,0.432,,,smoke\20260926T145231\usr__bin__dpkg-maintscript-helper,passed,,0,1.264,maintainer-helper capability query,,functional\20260926T145416\usr__bin__dpkg-maintscript-helper
/usr/bin/dpkg-query,/usr/bin/dpkg-query,False,passed,,0,0.128,,,smoke\20260926T145231\usr__bin__dpkg-query,passed,,0,1.552,installed package query,,functional\20260926T145416\usr__bin__dpkg-query
/usr/bin/dpkg-realpath,/usr/bin/dpkg-realpath,False,passed,,0,0.435,,,smoke\20260926T145231\usr__bin__dpkg-realpath,passed,,0,2.064,dpkg path canonicalization,,functional\20260926T145416\usr__bin__dpkg-realpath
/usr/bin/dpkg-split,/usr/bin/dpkg-split,False,passed,,0,0.116,,,smoke\20260926T145231\usr__bin__dpkg-split,passed,,0,1.295,split-package queue inventory,,functional\20260926T145416\usr__bin__dpkg-split
/usr/bin/dpkg-statoverride,/usr/bin/dpkg-statoverride,False,passed,,0,0.144,,,smoke\20260926T145231\usr__bin__dpkg-statoverride,passed,,0,1.393,permission override inventory,,functional\20260926T145416\usr__bin__dpkg-statoverride
/usr/bin/dpkg-trigger,/usr/bin/dpkg-trigger,False,passed,,0,0.128,,,smoke\20260926T145231\usr__bin__dpkg-trigger,failed,missing_package_or_configuration,1,1.09,dpkg trigger support query,dpkg-trigger: trigger records not yet in existence,functional\20260926T145416\usr__bin__dpkg-trigger
/usr/bin/du,/usr/bin/du,False,passed,,0,0.133,,,smoke\20260926T145231\usr__bin__du,passed,,0,1.797,apparent file usage,,functional\20260926T145416\usr__bin__du
/usr/bin/edit,/usr/bin/run-mailcap,True,passed,,0,0.298,,,smoke\20260926T145231\usr__bin__edit,not_tested,,,,No functional case yet,,
/usr/bin/editor,/bin/nano,True,passed,,0,0.123,,,smoke\20260926T145231\usr__bin__editor,not_tested,,,,No functional case yet,,
/usr/bin/enc2xs,/usr/bin/enc2xs,False,usage_only,,21,0.257,,,smoke\20260926T145231\usr__bin__enc2xs,not_tested,,,,No functional case yet,,
/usr/bin/encguess,/usr/bin/encguess,False,usage_only,,2,0.795,,,smoke\20260926T145231\usr__bin__encguess,passed,,0,2.313,guess file encoding,,functional\20260926T145416\usr__bin__encguess
/usr/bin/env,/usr/bin/env,False,passed,,0,0.14,,,smoke\20260926T145231\usr__bin__env,passed,,0,1.739,child environment injection,,functional\20260926T145416\usr__bin__env
/usr/bin/envsubst,/usr/bin/envsubst,False,passed,,0,0.141,,,smoke\20260926T145231\usr__bin__envsubst,passed,,0,1.719,environment substitution,,functional\20260926T145416\usr__bin__envsubst
/usr/bin/eqn,/usr/bin/eqn,False,passed,,0,0.165,,,smoke\20260926T145231\usr__bin__eqn,passed,,0,1.95,roff equation preprocessing,,functional\20260926T145416\usr__bin__eqn
/usr/bin/expand,/usr/bin/expand,False,passed,,0,0.156,,,smoke\20260926T145231\usr__bin__expand,passed,,0,1.815,tab expansion,,functional\20260926T145416\usr__bin__expand
/usr/bin/expiry,/usr/bin/expiry,False,passed,,0,0.154,,,smoke\20260926T145231\usr__bin__expiry,not_tested,,,,No functional case yet,,
/usr/bin/expr,/usr/bin/expr,False,passed,,0,0.164,,,smoke\20260926T145231\usr__bin__expr,passed,,0,1.628,integer expression evaluation,,functional\20260926T145416\usr__bin__expr
/usr/bin/factor,/usr/bin/factor,False,passed,,0,0.156,,,smoke\20260926T145231\usr__bin__factor,passed,,0,1.536,integer factorization,,functional\20260926T145416\usr__bin__factor
/usr/bin/faillog,/usr/bin/faillog,False,passed,,0,0.151,,,smoke\20260926T145231\usr__bin__faillog,failed,exit_or_assertion,1,1.159,failed-login accounting query,faillog: Cannot open /var/log/faillog: No such file or directory,functional\20260926T145416\usr__bin__faillog
/usr/bin/fallocate,/usr/bin/fallocate,False,passed,,0,0.158,,,smoke\20260926T145231\usr__bin__fallocate,passed,,0,1.486,allocate file range,,functional\20260926T145416\usr__bin__fallocate
/usr/bin/file,/usr/bin/file,False,passed,,0,0.17,,,smoke\20260926T145231\usr__bin__file,passed,,0,1.918,content-based file identification,,functional\20260926T145416\usr__bin__file
/usr/bin/fincore,/usr/bin/fincore,False,passed,,0,0.156,,,smoke\20260926T145231\usr__bin__fincore,passed,,0,1.788,page cache residency query,,functional\20260926T145416\usr__bin__fincore
/usr/bin/find,/usr/bin/find,False,passed,,0,0.176,,,smoke\20260926T145231\usr__bin__find,passed,,0,1.891,name and type filtering,,functional\20260926T145416\usr__bin__find
/usr/bin/findrule,/usr/bin/findrule,False,usage_only,,2,0.333,,,smoke\20260926T145231\usr__bin__findrule,passed,,0,2.148,Perl file predicate traversal,,functional\20260926T145416\usr__bin__findrule
/usr/bin/flock,/usr/bin/flock,False,passed,,0,0.155,,,smoke\20260926T145231\usr__bin__flock,passed,,0,1.753,advisory file lock and child,,functional\20260926T145416\usr__bin__flock
/usr/bin/fmt,/usr/bin/fmt,False,passed,,0,0.157,,,smoke\20260926T145231\usr__bin__fmt,passed,,0,1.644,paragraph reflow,,functional\20260926T145416\usr__bin__fmt
/usr/bin/fold,/usr/bin/fold,False,passed,,0,0.159,,,smoke\20260926T145231\usr__bin__fold,passed,,0,1.553,wrap long lines,,functional\20260926T145416\usr__bin__fold
/usr/bin/free,/usr/bin/free,False,passed,,0,0.175,,,smoke\20260926T145231\usr__bin__free,passed,,0,1.679,memory statistics,,functional\20260926T145416\usr__bin__free
/usr/bin/funzip,/usr/bin/funzip,False,not_tested,,,,Helper requires an explicit isolated case,,,passed,,0,1.32,extract first ZIP member,,functional\20260926T145416\usr__bin__funzip
/usr/bin/geqn,/usr/bin/eqn,True,passed,,0,0.16,,,smoke\20260926T145231\usr__bin__geqn,passed,,0,1.629,roff equation preprocessing,,functional\20260926T145416\usr__bin__geqn
/usr/bin/getconf,/usr/bin/getconf,False,passed,,0,0.163,,,smoke\20260926T145231\usr__bin__getconf,passed,,0,1.598,system configuration value,,functional\20260926T145416\usr__bin__getconf
/usr/bin/getent,/usr/bin/getent,False,passed,,0,0.155,,,smoke\20260926T145231\usr__bin__getent,passed,,0,1.597,NSS passwd lookup,,functional\20260926T145416\usr__bin__getent
/usr/bin/getopt,/usr/bin/getopt,False,passed,,0,0.148,,,smoke\20260926T145231\usr__bin__getopt,passed,,0,1.628,option parser quoting,,functional\20260926T145416\usr__bin__getopt
/usr/bin/gettext,/usr/bin/gettext,False,passed,,0,0.15,,,smoke\20260926T145231\usr__bin__gettext,passed,,0,1.318,untranslated message fallback,,functional\20260926T145416\usr__bin__gettext
/usr/bin/gettext.sh,/usr/bin/gettext.sh,False,passed,,0,0.346,,,smoke\20260926T145231\usr__bin__gettext.sh,not_tested,,,,No functional case yet,,
/usr/bin/gpasswd,/usr/bin/gpasswd,False,passed,,0,0.178,,,smoke\20260926T145231\usr__bin__gpasswd,not_tested,,,,No functional case yet,,
/usr/bin/gpgv,/usr/bin/gpgv,False,passed,,0,0.179,,,smoke\20260926T145231\usr__bin__gpgv,not_tested,,,,No functional case yet,,
/usr/bin/gpic,/usr/bin/pic,True,passed,,0,0.163,,,smoke\20260926T145231\usr__bin__gpic,passed,,0,1.695,roff diagram preprocessing,,functional\20260926T145416\usr__bin__gpic
/usr/bin/groff,/usr/bin/groff,False,passed,,0,0.163,,,smoke\20260926T145231\usr__bin__groff,passed,,0,2.201,roff manual rendering,,functional\20260926T145416\usr__bin__groff
/usr/bin/grog,/usr/bin/grog,False,passed,,0,0.298,,,smoke\20260926T145231\usr__bin__grog,passed,,0,1.964,infer roff preprocessing options,,functional\20260926T145416\usr__bin__grog
/usr/bin/grops,/usr/bin/grops,False,passed,,0,0.163,,,smoke\20260926T145231\usr__bin__grops,not_tested,,,,No functional case yet,,
/usr/bin/grotty,/usr/bin/grotty,False,passed,,0,0.168,,,smoke\20260926T145231\usr__bin__grotty,not_tested,,,,No functional case yet,,
/usr/bin/groups,/usr/bin/groups,False,passed,,0,0.162,,,smoke\20260926T145231\usr__bin__groups,passed,,0,1.722,group membership lookup,,functional\20260926T145416\usr__bin__groups
/usr/bin/gtbl,/usr/bin/tbl,True,passed,,0,0.157,,,smoke\20260926T145231\usr__bin__gtbl,passed,,0,1.67,roff table preprocessing,,functional\20260926T145416\usr__bin__gtbl
/usr/bin/h2ph,/usr/bin/h2ph,False,usage_only,,2,0.297,,,smoke\20260926T145231\usr__bin__h2ph,passed,,0,1.59,translate C header constants to Perl,,functional\20260926T145416\usr__bin__h2ph
/usr/bin/h2xs,/usr/bin/h2xs,False,usage_only,,255,0.403,,,smoke\20260926T145231\usr__bin__h2xs,passed,,0,1.535,generate Perl module scaffold,,functional\20260926T145416\usr__bin__h2xs
/usr/bin/hardlink,/usr/bin/hardlink,False,passed,,0,0.154,,,smoke\20260926T145231\usr__bin__hardlink,passed,,0,2.092,coalesce files with identical contents,,functional\20260926T145416\usr__bin__hardlink
/usr/bin/hd,/usr/bin/hexdump,True,passed,,0,0.156,,,smoke\20260926T145231\usr__bin__hd,passed,,0,1.728,hexadecimal dump,,functional\20260926T145416\usr__bin__hd
/usr/bin/head,/usr/bin/head,False,passed,,0,0.165,,,smoke\20260926T145231\usr__bin__head,passed,,0,1.453,first lines,,functional\20260926T145416\usr__bin__head
/usr/bin/helpztags,/usr/bin/helpztags,False,passed,,0,0.241,,,smoke\20260926T145231\usr__bin__helpztags,not_tested,,,,No functional case yet,,
/usr/bin/hexdump,/usr/bin/hexdump,False,passed,,0,0.154,,,smoke\20260926T145231\usr__bin__hexdump,passed,,0,1.789,hexadecimal dump,,functional\20260926T145416\usr__bin__hexdump
/usr/bin/host,/usr/bin/host,False,usage_only,,1,0.338,,,smoke\20260926T145231\usr__bin__host,failed,signal_exit,143,0.511,query controlled local DNS server,Terminated,functional\20260926T150204\usr__bin__host
/usr/bin/hostid,/usr/bin/hostid,False,passed,,0,0.147,,,smoke\20260926T145231\usr__bin__hostid,passed,,0,1.866,host identifier,,functional\20260926T145416\usr__bin__hostid
/usr/bin/hostnamectl,/usr/bin/hostnamectl,False,failed,missing_symbol,1,0.259,,ELF exec failed for <rootfs>\usr\bin\hostnamectl: unresolved symbol fgetsgent@GLIBC_2.10 referenced by libsystemd-shared-252.so,smoke\20260926T145231\usr__bin__hostnamectl,failed,missing_symbol,126,1.282,query host service properties,ELF exec failed for <rootfs>\usr\bin\hostnamectl: unresolved symbol fgetsgent@GLIBC_2.10 referenced by libsystemd-shared-252.so --: line 5: /usr/bin/hostnamectl: cannot execute binary file: Exec format error,functional\20260926T145416\usr__bin__hostnamectl
/usr/bin/i386,/usr/bin/setarch,True,passed,,0,0.156,,,smoke\20260926T145231\usr__bin__i386,failed,exit_or_assertion,1,1.207,32-bit reported architecture personality,/usr/bin/i386: failed to set personality to i386: Invalid argument,functional\20260926T145416\usr__bin__i386
/usr/bin/iconv,/usr/bin/iconv,False,failed,missing_symbol,1,0.206,,ELF exec failed for <rootfs>\usr\bin\iconv: unresolved symbol __gconv_open@GLIBC_PRIVATE referenced by iconv,smoke\20260926T145231\usr__bin__iconv,failed,missing_symbol,126,1.161,character encoding conversion,ELF exec failed for <rootfs>\usr\bin\iconv: unresolved symbol __gconv_open@GLIBC_PRIVATE referenced by iconv --: line 5: /usr/bin/iconv: cannot execute binary file: Exec format error,functional\20260926T145416\usr__bin__iconv
/usr/bin/id,/usr/bin/id,False,passed,,0,0.154,,,smoke\20260926T145231\usr__bin__id,passed,,0,1.823,account identity lookup,,functional\20260926T145416\usr__bin__id
/usr/bin/inetutils-telnet,/usr/bin/inetutils-telnet,False,passed,,0,0.17,,,smoke\20260926T145231\usr__bin__inetutils-telnet,not_tested,,,,No functional case yet,,
/usr/bin/infocmp,/usr/bin/infocmp,False,usage_only,,1,0.151,,,smoke\20260926T145231\usr__bin__infocmp,passed,,0,1.789,terminfo capability decoding,,functional\20260926T145416\usr__bin__infocmp
/usr/bin/infotocap,/usr/bin/tic,True,usage_only,,1,0.156,,,smoke\20260926T145231\usr__bin__infotocap,passed,,0,1.806,terminfo to termcap conversion,,functional\20260926T145416\usr__bin__infotocap
/usr/bin/install,/usr/bin/install,False,passed,,0,0.174,,,smoke\20260926T145231\usr__bin__install,passed,,0,1.678,install file with requested mode,,functional\20260926T145416\usr__bin__install
/usr/bin/instmodsh,/usr/bin/instmodsh,False,not_tested,,,,Helper requires an explicit isolated case,,,passed,,0,5.802,Perl installed-module query followed by explicit quit,,functional\20260926T145416\usr__bin__instmodsh
/usr/bin/ionice,/usr/bin/ionice,False,passed,,0,0.16,,,smoke\20260926T145231\usr__bin__ionice,failed,unimplemented,1,1.109,read IO priority,/usr/bin/ionice: ioprio_get failed: Function not implemented,functional\20260926T145416\usr__bin__ionice
/usr/bin/ipcmk,/usr/bin/ipcmk,False,passed,,0,0.151,,,smoke\20260926T145231\usr__bin__ipcmk,not_tested,,,,No functional case yet,,
/usr/bin/ipcrm,/usr/bin/ipcrm,False,passed,,0,0.155,,,smoke\20260926T145231\usr__bin__ipcrm,not_tested,,,,No functional case yet,,
/usr/bin/ipcs,/usr/bin/ipcs,False,passed,,0,0.145,,,smoke\20260926T145231\usr__bin__ipcs,passed,,0,1.454,System V IPC inventory,,functional\20260926T145416\usr__bin__ipcs
/usr/bin/ischroot,/usr/bin/ischroot,False,passed,,0,0.144,,,smoke\20260926T145231\usr__bin__ischroot,passed,,0,1.402,detect chroot state with documented status,,functional\20260926T145416\usr__bin__ischroot
/usr/bin/join,/usr/bin/join,False,passed,,0,0.162,,,smoke\20260926T145231\usr__bin__join,passed,,0,1.411,join on sorted keys,,functional\20260926T145416\usr__bin__join
/usr/bin/json_pp,/usr/bin/json_pp,False,usage_only,,2,0.396,,,smoke\20260926T145231\usr__bin__json_pp,passed,,0,2.262,JSON parsing and serialization,,functional\20260926T145416\usr__bin__json_pp
/usr/bin/kernel-install,/usr/bin/kernel-install,False,passed,,0,0.153,,,smoke\20260926T145231\usr__bin__kernel-install,not_tested,,,,No functional case yet,,
/usr/bin/killall,/usr/bin/killall,False,usage_only,,1,0.156,,,smoke\20260926T145231\usr__bin__killall,passed,,0,1.113,negative process-name lookup without sending signals,,functional\20260926T145416\usr__bin__killall
/usr/bin/laptop-detect,/usr/bin/laptop-detect,False,usage_only,,2,0.146,,,smoke\20260926T145231\usr__bin__laptop-detect,not_tested,,,,No functional case yet,,
/usr/bin/last,/usr/bin/last,False,passed,,0,0.156,,,smoke\20260926T145231\usr__bin__last,failed,exit_or_assertion,1,1.341,login/session accounting query,/usr/bin/last: cannot open /var/log/wtmp: No such file or directory,functional\20260926T145416\usr__bin__last
/usr/bin/lastb,/usr/bin/last,True,passed,,0,0.16,,,smoke\20260926T145231\usr__bin__lastb,passed,,0,1.721,login/session accounting query,,functional\20260926T145416\usr__bin__lastb
/usr/bin/lastlog,/usr/bin/lastlog,False,passed,,0,0.158,,,smoke\20260926T145231\usr__bin__lastlog,failed,exit_or_assertion,1,1.276,login/session accounting query,/var/log/lastlog: No such file or directory,functional\20260926T145416\usr__bin__lastlog
/usr/bin/lcf,/usr/bin/lcf,False,passed,,0,0.733,,,smoke\20260926T145231\usr__bin__lcf,failed,exit_or_assertion,1,2.81,negative configuration-history lookup,basename: missing operand Try 'basename --help' for more information. | basename: missing operand Try 'basename --help' for more information.,functional\20260926T145416\usr__bin__lcf
/usr/bin/ld.so,/lib/ld-linux-x86-64.so.2,True,failed,exit_or_assertion,1,0.202,,ELF load failed for <rootfs>\lib\ld-linux-x86-64.so.2: ELF parse error: BadMagic,smoke\20260926T145231\usr__bin__ld.so,not_tested,,,,No functional case yet,,
/usr/bin/ldd,/usr/bin/ldd,False,passed,,0,0.171,,,smoke\20260926T145231\usr__bin__ldd,failed,exit_or_assertion,1,1.854,executable shared-library dependency listing,not a dynamic executable,functional\20260926T145416\usr__bin__ldd
/usr/bin/less,/usr/bin/less,False,passed,,0,0.176,,,smoke\20260926T145231\usr__bin__less,passed,,0,1.737,non-terminal pagination output,,functional\20260926T145416\usr__bin__less
/usr/bin/lessecho,/usr/bin/lessecho,False,passed,,0,0.145,,,smoke\20260926T145231\usr__bin__lessecho,passed,,0,1.775,quote pager shell arguments,,functional\20260926T145416\usr__bin__lessecho
/usr/bin/lessfile,/usr/bin/lesspipe,True,passed,,0,0.352,,,smoke\20260926T145231\usr__bin__lessfile,passed,,0,4.233,pager preprocessing into temporary file,,functional\20260926T145416\usr__bin__lessfile
/usr/bin/lesskey,/usr/bin/lesskey,False,usage_only,,1,0.168,,,smoke\20260926T145231\usr__bin__lesskey,passed,,0,1.321,compile less key bindings,,functional\20260926T145416\usr__bin__lesskey
/usr/bin/lesspipe,/usr/bin/lesspipe,False,passed,,0,0.356,,,smoke\20260926T145231\usr__bin__lesspipe,passed,,0,3.523,pager input preprocessing,,functional\20260926T145416\usr__bin__lesspipe
/usr/bin/lexgrog,/usr/bin/lexgrog,False,passed,,0,0.167,,,smoke\20260926T145231\usr__bin__lexgrog,passed,,0,2.177,manual NAME section extraction,,functional\20260926T145416\usr__bin__lexgrog
/usr/bin/lft.db,/usr/bin/lft.db,False,passed,,0,0.346,,,smoke\20260926T145231\usr__bin__lft.db,not_tested,,,,No functional case yet,,
/usr/bin/libnetcfg,/usr/bin/libnetcfg,False,passed,,0,0.663,,,smoke\20260926T145231\usr__bin__libnetcfg,not_tested,,,,No functional case yet,,
/usr/bin/link,/usr/bin/link,False,passed,,0,0.16,,,smoke\20260926T145231\usr__bin__link,passed,,0,2.481,hard link inode identity,,functional\20260926T145416\usr__bin__link
/usr/bin/linux32,/usr/bin/setarch,True,passed,,0,0.154,,,smoke\20260926T145231\usr__bin__linux32,failed,exit_or_assertion,1,1.246,32-bit reported architecture personality,/usr/bin/linux32: failed to set personality to linux32: Invalid argument,functional\20260926T145416\usr__bin__linux32
/usr/bin/linux64,/usr/bin/setarch,True,passed,,0,0.15,,,smoke\20260926T145231\usr__bin__linux64,passed,,0,2.238,64-bit execution personality,,functional\20260926T145416\usr__bin__linux64
/usr/bin/lnstat,/usr/bin/lnstat,False,passed,,0,0.142,,,smoke\20260926T145231\usr__bin__lnstat,failed,environment_or_kernel,1,1.273,kernel network statistics,Your kernel doesn't have lnstat support. Fallback to old rtstat-only operation /proc/net/rt_cache_stat: No such file or directory,functional\20260926T145416\usr__bin__lnstat
/usr/bin/locale,/usr/bin/locale,False,passed,,0,0.147,,,smoke\20260926T145231\usr__bin__locale,passed,,0,2.334,locale encoding query,,functional\20260926T145416\usr__bin__locale
/usr/bin/localectl,/usr/bin/localectl,False,failed,missing_symbol,1,0.254,,ELF exec failed for <rootfs>\usr\bin\localectl: unresolved symbol fgetsgent@GLIBC_2.10 referenced by libsystemd-shared-252.so,smoke\20260926T145231\usr__bin__localectl,failed,missing_symbol,126,1.495,query locale service properties,ELF exec failed for <rootfs>\usr\bin\localectl: unresolved symbol fgetsgent@GLIBC_2.10 referenced by libsystemd-shared-252.so --: line 5: /usr/bin/localectl: cannot execute binary file: Exec format error,functional\20260926T145416\usr__bin__localectl
/usr/bin/localedef,/usr/bin/localedef,False,passed,,0,0.169,,,smoke\20260926T145231\usr__bin__localedef,passed,,0,1.888,locale archive enumeration,,functional\20260926T145416\usr__bin__localedef
/usr/bin/logger,/usr/bin/logger,False,failed,missing_symbol,1,0.218,,ELF exec failed for <rootfs>\usr\bin\logger: unresolved symbol ntp_gettimex@GLIBC_2.12 referenced by logger,smoke\20260926T145231\usr__bin__logger,not_tested,,,,No functional case yet,,
/usr/bin/logname,/usr/bin/logname,False,passed,,0,0.152,,,smoke\20260926T145231\usr__bin__logname,not_tested,,,,No functional case yet,,
/usr/bin/look,/usr/bin/look,False,passed,,0,0.139,,,smoke\20260926T145231\usr__bin__look,passed,,0,2.438,dictionary prefix search,,functional\20260926T145416\usr__bin__look
/usr/bin/lsattr,/usr/bin/lsattr,False,usage_only,,1,0.144,,,smoke\20260926T145231\usr__bin__lsattr,passed,,0,2.553,inode attribute query,,functional\20260926T145416\usr__bin__lsattr
/usr/bin/lsb_release,/usr/bin/lsb_release,False,passed,,0,0.521,,,smoke\20260926T145231\usr__bin__lsb_release,passed,,0,5.787,distribution identity,,functional\20260926T145416\usr__bin__lsb_release
/usr/bin/lscpu,/usr/bin/lscpu,False,passed,,0,0.16,,,smoke\20260926T145231\usr__bin__lscpu,timeout,timeout,0,30.023,CPU topology query,"kinakaze: guest exception 0xc0000096 at 0x2a6e45ee504 kinakaze: RAX=0xa RBX=0x564d5868 RCX=0x5658 RDX=0x0 RSI=0x2a6f073d7a0 RDI=0xb RBP=0xa RSP=0x2a6f073d700 R8=0x2a6f073d6b8 R9=0x2a6e46de3a8 R10=0x37 R11=0x0 R12=0x2a6f073d7a0 R13=0x50000009de20 R14=0x2a6e45f78d6 R15=0x0 RIP=0x2a6e45ee504 kinakaze: bytes at RIP: [ed, 31, d2, 89, c5, e8, 82, 6c, ff, ff, 85, c0, 75, 3f, 81, fb] kinakaze: in no loaded module — likely the guest image itself (0x2a6e45ee504)",functional\20260926T150204\usr__bin__lscpu
/usr/bin/lsfd,/usr/bin/lsfd,False,passed,,0,0.148,,,smoke\20260926T145231\usr__bin__lsfd,passed,,0,2.53,file descriptor metadata query,,functional\20260926T145416\usr__bin__lsfd
/usr/bin/lsipc,/usr/bin/lsipc,False,passed,,0,0.16,,,smoke\20260926T145231\usr__bin__lsipc,passed,,0,2.06,System V IPC inventory,,functional\20260926T145416\usr__bin__lsipc
/usr/bin/lsirq,/usr/bin/lsirq,False,passed,,0,0.146,,,smoke\20260926T145231\usr__bin__lsirq,failed,environment_or_kernel,1,1.393,interrupt statistics,/usr/bin/lsirq: cannot open /proc/interrupts: No such file or directory,functional\20260926T145416\usr__bin__lsirq
/usr/bin/lslocks,/usr/bin/lslocks,False,passed,,0,0.172,,,smoke\20260926T145231\usr__bin__lslocks,failed,exit_or_assertion,255,1.378,active file lock query,,functional\20260926T145416\usr__bin__lslocks
/usr/bin/lslogins,/usr/bin/lslogins,False,passed,,0,0.188,,,smoke\20260926T145231\usr__bin__lslogins,passed,,0,2.024,account information table,,functional\20260926T145416\usr__bin__lslogins
/usr/bin/lsmem,/usr/bin/lsmem,False,passed,,0,0.151,,,smoke\20260926T145231\usr__bin__lsmem,failed,environment_or_kernel,1,1.244,memory layout query,/usr/bin/lsmem: cannot open /sys/devices/system/memory: No such file or directory,functional\20260926T145416\usr__bin__lsmem
/usr/bin/lsns,/usr/bin/lsns,False,passed,,0,0.179,,,smoke\20260926T145231\usr__bin__lsns,passed,,0,2.138,process namespaces,,functional\20260926T145416\usr__bin__lsns
/usr/bin/lsof,/usr/bin/lsof,False,passed,,0,0.19,,,smoke\20260926T145231\usr__bin__lsof,passed,,0,2.195,open-file working directory,,functional\20260926T145416\usr__bin__lsof
/usr/bin/lspci,/usr/bin/lspci,False,failed,missing_symbol,1,0.232,,ELF exec failed for <rootfs>\usr\bin\lspci: unresolved symbol iopl@GLIBC_2.2.5 referenced by libpci.so.3,smoke\20260926T145231\usr__bin__lspci,failed,missing_symbol,126,1.262,PCI device enumeration,ELF exec failed for <rootfs>\usr\bin\lspci: unresolved symbol iopl@GLIBC_2.2.5 referenced by libpci.so.3 --: line 5: /usr/bin/lspci: cannot execute binary file: Exec format error,functional\20260926T145416\usr__bin__lspci
/usr/bin/lzmainfo,/usr/bin/lzmainfo,False,passed,,0,0.159,,,smoke\20260926T145231\usr__bin__lzmainfo,passed,,0,1.766,LZMA stream metadata,,functional\20260926T145416\usr__bin__lzmainfo
/usr/bin/mailq,/usr/sbin/exim4,True,failed,missing_package_or_configuration,1,0.263,,"exim: failed to find uid for user name ""Debian-exim""",smoke\20260926T145231\usr__bin__mailq,not_tested,,,,No functional case yet,,
/usr/bin/man,/usr/bin/man,False,passed,,0,0.158,,,smoke\20260926T145231\usr__bin__man,passed,,0,4.031,manual formatting pipeline,,functional\20260926T145416\usr__bin__man
/usr/bin/man-recode,/usr/bin/man-recode,False,passed,,0,0.148,,,smoke\20260926T145231\usr__bin__man-recode,passed,,0,2.118,manual character encoding conversion,,functional\20260926T145416\usr__bin__man-recode
/usr/bin/mandb,/usr/bin/mandb,False,passed,,0,0.157,,,smoke\20260926T145231\usr__bin__mandb,passed,,0,1.943,build manual index from isolated fixture,,functional\20260926T145416\usr__bin__mandb
/usr/bin/manpath,/usr/bin/manpath,False,passed,,0,0.154,,,smoke\20260926T145231\usr__bin__manpath,passed,,0,1.668,manual search path query,,functional\20260926T145416\usr__bin__manpath
/usr/bin/mawk,/usr/bin/mawk,False,passed,,0,0.138,,,smoke\20260926T145231\usr__bin__mawk,passed,,0,1.524,awk record processing,,functional\20260926T145416\usr__bin__mawk
/usr/bin/mcookie,/usr/bin/mcookie,False,passed,,0,0.153,,,smoke\20260926T145231\usr__bin__mcookie,passed,,0,1.75,random authentication cookie,,functional\20260926T145416\usr__bin__mcookie
/usr/bin/md5sum,/usr/bin/md5sum,False,passed,,0,0.158,,,smoke\20260926T145231\usr__bin__md5sum,passed,,0,1.773,known file digest,,functional\20260926T145416\usr__bin__md5sum
/usr/bin/md5sum.textutils,/usr/bin/md5sum,True,passed,,0,0.155,,,smoke\20260926T145231\usr__bin__md5sum.textutils,passed,,0,1.733,known file digest,,functional\20260926T145416\usr__bin__md5sum.textutils
/usr/bin/mdig,/usr/bin/mdig,False,usage_only,,1,0.343,,,smoke\20260926T145231\usr__bin__mdig,failed,signal_exit,143,0.53,query controlled local DNS server,"Terminated | ;; Got answer: ;; ->>HEADER<<- opcode: QUERY, status: NOERROR, id: 63076 ;; flags: qr rd ra; QUERY: 1, ANSWER: 1, AUTHORITY: 0, ADDITIONAL: 0 ;; QUESTION SECTION: ;audit.invalid. IN A ;; ANSWER SECTION: audit.invalid. 30s IN A 127.0.0.42 ;; Got answer: ;; ->>HEADER<<- opcode: QUERY, status: NOERROR, id: 17233 ;; flags: qr rd ra; QUERY: 1, ANSWER: 1, AUTHORITY: 0, ADDITIONAL: 0 ;; QUESTION SECTION: ;A. IN A ;; ANSWER SECTION: A. 30s IN A 127.0.0.42",functional\20260926T150204\usr__bin__mdig
/usr/bin/mesg,/usr/bin/mesg,False,passed,,0,0.153,,,smoke\20260926T145231\usr__bin__mesg,not_tested,,,,No functional case yet,,
/usr/bin/mkfifo,/usr/bin/mkfifo,False,passed,,0,0.159,,,smoke\20260926T145231\usr__bin__mkfifo,passed,,0,1.145,create FIFO inode,,functional\20260926T145416\usr__bin__mkfifo
/usr/bin/namei,/usr/bin/namei,False,passed,,0,0.14,,,smoke\20260926T145231\usr__bin__namei,passed,,0,1.866,walk path component metadata,,functional\20260926T145416\usr__bin__namei
/usr/bin/neqn,/usr/bin/neqn,False,passed,,0,0.239,,,smoke\20260926T145231\usr__bin__neqn,passed,,0,2.065,roff equation preprocessing,,functional\20260926T145416\usr__bin__neqn
/usr/bin/newaliases,/usr/sbin/exim4,True,failed,missing_package_or_configuration,1,0.213,,"exim: failed to find uid for user name ""Debian-exim""",smoke\20260926T145231\usr__bin__newaliases,not_tested,,,,No functional case yet,,
/usr/bin/newgrp,/usr/bin/newgrp,False,usage_only,,1,0.155,,,smoke\20260926T145231\usr__bin__newgrp,not_tested,,,,No functional case yet,,
/usr/bin/ngettext,/usr/bin/ngettext,False,passed,,0,0.16,,,smoke\20260926T145231\usr__bin__ngettext,passed,,0,1.486,plural-message selection,,functional\20260926T145416\usr__bin__ngettext
/usr/bin/nice,/usr/bin/nice,False,passed,,0,0.154,,,smoke\20260926T145231\usr__bin__nice,passed,,0,1.654,launch with adjusted niceness,,functional\20260926T145416\usr__bin__nice
/usr/bin/nl,/usr/bin/nl,False,passed,,0,0.163,,,smoke\20260926T145231\usr__bin__nl,passed,,0,1.855,number text lines,,functional\20260926T145416\usr__bin__nl
/usr/bin/nohup,/usr/bin/nohup,False,passed,,0,0.157,,,smoke\20260926T145231\usr__bin__nohup,passed,,0,1.638,launch ignoring hangup,,functional\20260926T145416\usr__bin__nohup
/usr/bin/normalizer,/usr/bin/normalizer,False,passed,,0,0.706,,,smoke\20260926T145231\usr__bin__normalizer,passed,,0,2.715,Python charset analysis,,functional\20260926T145416\usr__bin__normalizer
/usr/bin/nproc,/usr/bin/nproc,False,passed,,0,0.163,,,smoke\20260926T145231\usr__bin__nproc,passed,,0,1.797,available CPU count,,functional\20260926T145416\usr__bin__nproc
/usr/bin/nroff,/usr/bin/nroff,False,passed,,0,0.342,,,smoke\20260926T145231\usr__bin__nroff,passed,,0,2.786,roff manual rendering,,functional\20260926T145416\usr__bin__nroff
/usr/bin/nsenter,/usr/bin/nsenter,False,passed,,0,0.166,,,smoke\20260926T145231\usr__bin__nsenter,not_tested,,,,No functional case yet,,
/usr/bin/nslookup,/usr/bin/nslookup,False,failed,signal_exit,143,0.402,,,smoke\20260926T145231\usr__bin__nslookup,failed,signal_exit,143,0.574,query controlled local DNS server,Terminated,functional\20260926T150204\usr__bin__nslookup
/usr/bin/nstat,/usr/bin/nstat,False,usage_only,,4294967295,0.158,,,smoke\20260926T145231\usr__bin__nstat,failed,exit_or_assertion,1,1.64,network protocol counters,#kernel | #kernel,functional\20260926T145416\usr__bin__nstat
/usr/bin/nsupdate,/usr/bin/nsupdate,False,usage_only,,1,0.367,,,smoke\20260926T145231\usr__bin__nsupdate,not_tested,,,,No functional case yet,,
/usr/bin/numfmt,/usr/bin/numfmt,False,passed,,0,0.15,,,smoke\20260926T145231\usr__bin__numfmt,failed,exit_or_assertion,1,0.522,unit conversion,"out expected differ: byte 1, line 1 | 0 | 2048",functional\20260926T150204\usr__bin__numfmt
/usr/bin/od,/usr/bin/od,False,passed,,0,0.182,,,smoke\20260926T145231\usr__bin__od,passed,,0,1.565,binary byte dump,,functional\20260926T145416\usr__bin__od
/usr/bin/openssl,/usr/bin/openssl,False,passed,,0,0.194,,,smoke\20260926T145231\usr__bin__openssl,passed,,0,2.055,known SHA256 and cryptographic random bytes,,functional\20260926T145416\usr__bin__openssl
/usr/bin/pager,/usr/bin/less,True,passed,,0,0.201,,,smoke\20260926T145231\usr__bin__pager,passed,,0,1.385,non-terminal pagination output,,functional\20260926T145416\usr__bin__pager
/usr/bin/partx,/usr/bin/partx,False,passed,,0,0.186,,,smoke\20260926T145231\usr__bin__partx,passed,,0,1.364,partition-table query on isolated image,,functional\20260926T145416\usr__bin__partx
/usr/bin/passwd,/usr/bin/passwd,False,passed,,0,0.198,,,smoke\20260926T145231\usr__bin__passwd,passed,,0,1.671,password status query,,functional\20260926T145416\usr__bin__passwd
/usr/bin/paste,/usr/bin/paste,False,passed,,0,0.187,,,smoke\20260926T145231\usr__bin__paste,passed,,0,1.341,merge file columns,,functional\20260926T145416\usr__bin__paste
/usr/bin/pathchk,/usr/bin/pathchk,False,passed,,0,0.182,,,smoke\20260926T145231\usr__bin__pathchk,passed,,0,1.023,portable pathname validation,,functional\20260926T145416\usr__bin__pathchk
/usr/bin/pdb3,/usr/lib/python3.11/pdb.py,True,usage_only,,2,0.667,,,smoke\20260926T145231\usr__bin__pdb3,passed,,0,2.533,Python debugger executes a script,,functional\20260926T145416\usr__bin__pdb3
/usr/bin/pdb3.11,/usr/lib/python3.11/pdb.py,True,usage_only,,2,0.605,,,smoke\20260926T145231\usr__bin__pdb3.11,passed,,0,2.469,Python debugger executes a script,,functional\20260926T145416\usr__bin__pdb3.11
/usr/bin/peekfd,/usr/bin/peekfd,False,usage_only,,1,0.174,,,smoke\20260926T145231\usr__bin__peekfd,not_tested,,,,No functional case yet,,
/usr/bin/perl,/usr/bin/perl,False,passed,,0,0.203,,,smoke\20260926T145231\usr__bin__perl,passed,,0,1.83,Perl module loading and JSON encoding,,functional\20260926T145416\usr__bin__perl
/usr/bin/perl5.36-x86_64-linux-gnu,/usr/bin/perl5.36-x86_64-linux-gnu,False,passed,,0,0.205,,,smoke\20260926T145231\usr__bin__perl5.36-x86_64-linux-gnu,passed,,0,1.921,Perl module loading and JSON encoding,,functional\20260926T145416\usr__bin__perl5.36-x86_64-linux-gnu
/usr/bin/perl5.36.0,/usr/bin/perl5.36.0,False,passed,,0,0.207,,,smoke\20260926T145231\usr__bin__perl5.36.0,passed,,0,1.859,Perl module loading and JSON encoding,,functional\20260926T145416\usr__bin__perl5.36.0
/usr/bin/perlbug,/usr/bin/perlbug,False,not_tested,,,,Helper requires an explicit isolated case,,,passed,,0,2.279,Perl diagnostic report without sending mail,,functional\20260926T145416\usr__bin__perlbug
/usr/bin/perldoc,/usr/bin/perldoc,False,failed,missing_package_or_configuration,1,0.182,,You need to install the perl-doc package to use this program.,smoke\20260926T145231\usr__bin__perldoc,failed,missing_package_or_configuration,1,0.937,render local Perl documentation,You need to install the perl-doc package to use this program.,functional\20260926T145416\usr__bin__perldoc
/usr/bin/perlivp,/usr/bin/perlivp,False,passed,,0,0.755,,,smoke\20260926T145231\usr__bin__perlivp,passed,,0,11.373,Perl installation self-check,,functional\20260926T145416\usr__bin__perlivp
/usr/bin/perlthanks,/usr/bin/perlthanks,False,not_tested,,,,Helper requires an explicit isolated case,,,passed,,0,2.293,Perl diagnostic report without sending mail,,functional\20260926T145416\usr__bin__perlthanks
/usr/bin/pgrep,/usr/bin/pgrep,False,failed,missing_symbol,1,0.259,,ELF exec failed for <rootfs>\usr\bin\pgrep: unresolved symbol sigqueue@GLIBC_2.2.5 referenced by pgrep,smoke\20260926T145231\usr__bin__pgrep,failed,missing_symbol,126,1.0,process matching,ELF exec failed for <rootfs>\usr\bin\pgrep: unresolved symbol sigqueue@GLIBC_2.2.5 referenced by pgrep --: line 5: /usr/bin/pgrep: cannot execute binary file: Exec format error,functional\20260926T145416\usr__bin__pgrep
/usr/bin/pic,/usr/bin/pic,False,passed,,0,0.204,,,smoke\20260926T145231\usr__bin__pic,passed,,0,1.629,roff diagram preprocessing,,functional\20260926T145416\usr__bin__pic
/usr/bin/piconv,/usr/bin/piconv,False,passed,,0,0.42,,,smoke\20260926T145231\usr__bin__piconv,passed,,0,1.679,character encoding conversion,,functional\20260926T145416\usr__bin__piconv
/usr/bin/pidwait,/usr/bin/pidwait,False,failed,missing_symbol,1,0.244,,ELF exec failed for <rootfs>\usr\bin\pidwait: unresolved symbol sigqueue@GLIBC_2.2.5 referenced by pidwait,smoke\20260926T145231\usr__bin__pidwait,not_tested,,,,No functional case yet,,
/usr/bin/pinky,/usr/bin/pinky,False,passed,,0,0.171,,,smoke\20260926T145231\usr__bin__pinky,passed,,0,1.326,login/session accounting query,,functional\20260926T145416\usr__bin__pinky
/usr/bin/pkill,/usr/bin/pgrep,True,failed,missing_symbol,1,0.223,,ELF exec failed for <rootfs>\usr\bin\pgrep: unresolved symbol sigqueue@GLIBC_2.2.5 referenced by pgrep,smoke\20260926T145231\usr__bin__pkill,failed,exit_or_assertion,1,1.054,negative process-name lookup without sending signals,--: line 5: /usr/bin/pkill: cannot execute binary file: Exec format error,functional\20260926T145416\usr__bin__pkill
/usr/bin/pl2pm,/usr/bin/pl2pm,False,passed,,0,0.194,,,smoke\20260926T145231\usr__bin__pl2pm,passed,,0,1.099,convert Perl library to module,,functional\20260926T145416\usr__bin__pl2pm
/usr/bin/pldd,/usr/bin/pldd,False,failed,missing_symbol,1,0.239,,ELF exec failed for <rootfs>\usr\bin\pldd: unresolved symbol __libc_scratch_buffer_grow@GLIBC_PRIVATE referenced by pldd,smoke\20260926T145231\usr__bin__pldd,not_tested,,,,No functional case yet,,
/usr/bin/pmap,/usr/bin/pmap,False,passed,,0,0.211,,,smoke\20260926T145231\usr__bin__pmap,failed,exit_or_assertion,1,1.066,process memory mappings,"1: /bin/bash -c set -eu export PATH=/usr/sbin:/usr/bin:/sbin:/bin HOME=/root export AUDIT_HTTP_URL=http://127.0.0.1:56863/ AUDIT_HTTP_PORT=56863 AUDIT_DNS_PORT=64212 chmod -R u+rwX . ""$1"" $$ > out cat out grep -E -- '[0-9a-f]+' out printf ""\nAUDIT_FUNCTION_OK\n"" -- /usr/bin/pmap",functional\20260926T145416\usr__bin__pmap
/usr/bin/pod2html,/usr/bin/pod2html,False,usage_only,,255,0.546,,,smoke\20260926T145231\usr__bin__pod2html,passed,,0,2.714,POD to HTML conversion,,functional\20260926T145416\usr__bin__pod2html
/usr/bin/pod2man,/usr/bin/pod2man,False,passed,,0,0.605,,,smoke\20260926T145231\usr__bin__pod2man,passed,,0,2.218,POD to man conversion,,functional\20260926T145416\usr__bin__pod2man
/usr/bin/pod2text,/usr/bin/pod2text,False,usage_only,,1,0.58,,,smoke\20260926T145231\usr__bin__pod2text,passed,,0,2.14,POD to text conversion,,functional\20260926T145416\usr__bin__pod2text
/usr/bin/pod2usage,/usr/bin/pod2usage,False,usage_only,,1,0.549,,,smoke\20260926T145231\usr__bin__pod2usage,passed,,0,2.06,POD usage text and documented exit status,,functional\20260926T145416\usr__bin__pod2usage
/usr/bin/podchecker,/usr/bin/podchecker,False,usage_only,,1,0.576,,,smoke\20260926T145231\usr__bin__podchecker,passed,,0,1.476,POD syntax validation,,functional\20260926T145416\usr__bin__podchecker
/usr/bin/pr,/usr/bin/pr,False,passed,,0,0.153,,,smoke\20260926T145231\usr__bin__pr,passed,,0,1.57,paginated numbered text,,functional\20260926T145416\usr__bin__pr
/usr/bin/preconv,/usr/bin/preconv,False,passed,,0,0.179,,,smoke\20260926T145231\usr__bin__preconv,passed,,0,1.572,roff input encoding conversion,,functional\20260926T145416\usr__bin__preconv
/usr/bin/print,/usr/bin/run-mailcap,True,passed,,0,0.353,,,smoke\20260926T145231\usr__bin__print,not_tested,,,,No functional case yet,,
/usr/bin/printenv,/usr/bin/printenv,False,passed,,0,0.155,,,smoke\20260926T145231\usr__bin__printenv,passed,,0,0.913,environment lookup,,functional\20260926T145416\usr__bin__printenv
/usr/bin/printf,/usr/bin/printf,False,passed,,0,0.152,,,smoke\20260926T145231\usr__bin__printf,passed,,0,1.251,string and integer formatting,,functional\20260926T145416\usr__bin__printf
/usr/bin/prlimit,/usr/bin/prlimit,False,passed,,0,0.153,,,smoke\20260926T145231\usr__bin__prlimit,passed,,0,1.511,read process resource limit,,functional\20260926T145416\usr__bin__prlimit
/usr/bin/prove,/usr/bin/prove,False,usage_only,,1,0.685,,,smoke\20260926T145231\usr__bin__prove,passed,,0,3.222,run TAP test file,,functional\20260926T145416\usr__bin__prove
/usr/bin/prtstat,/usr/bin/prtstat,False,usage_only,,1,0.156,,,smoke\20260926T145231\usr__bin__prtstat,failed,exit_or_assertion,1,1.654,process stat decoding,Unable to scan stat file,functional\20260926T145416\usr__bin__prtstat
/usr/bin/pslog,/usr/bin/pslog,False,usage_only,,255,0.154,,,smoke\20260926T145231\usr__bin__pslog,passed,,0,1.647,process log-file query,,functional\20260926T145416\usr__bin__pslog
/usr/bin/pstree,/usr/bin/pstree,False,usage_only,,1,0.161,,,smoke\20260926T145231\usr__bin__pstree,passed,,0,1.621,process tree query,,functional\20260926T145416\usr__bin__pstree
/usr/bin/pstree.x11,/usr/bin/pstree,True,usage_only,,1,0.16,,,smoke\20260926T145231\usr__bin__pstree.x11,passed,,0,1.616,process tree query,,functional\20260926T145416\usr__bin__pstree.x11
/usr/bin/ptar,/usr/bin/ptar,False,usage_only,,25,0.778,,,smoke\20260926T145231\usr__bin__ptar,passed,,0,4.672,archive creation and extraction,,functional\20260926T145416\usr__bin__ptar
/usr/bin/ptardiff,/usr/bin/ptardiff,False,usage_only,,2,0.758,,,smoke\20260926T145231\usr__bin__ptardiff,failed,missing_package_or_configuration,2,2.821,compare tar member to filesystem,This tool requires the 'Text::Diff' module to be installed,functional\20260926T145416\usr__bin__ptardiff
/usr/bin/ptargrep,/usr/bin/ptargrep,False,passed,,0,1.834,,,smoke\20260926T145231\usr__bin__ptargrep,passed,,0,3.259,search tar member content,,functional\20260926T145416\usr__bin__ptargrep
/usr/bin/ptx,/usr/bin/ptx,False,passed,,0,0.169,,,smoke\20260926T145231\usr__bin__ptx,passed,,0,1.78,permuted text index,,functional\20260926T145416\usr__bin__ptx
/usr/bin/pwdx,/usr/bin/pwdx,False,passed,,0,0.16,,,smoke\20260926T145231\usr__bin__pwdx,passed,,0,1.941,process working directory query,,functional\20260926T145416\usr__bin__pwdx
/usr/bin/py3clean,/usr/bin/py3clean,False,passed,,0,0.459,,,smoke\20260926T145231\usr__bin__py3clean,passed,,0,2.856,remove Python bytecode caches,,functional\20260926T145416\usr__bin__py3clean
/usr/bin/py3compile,/usr/bin/py3compile,False,passed,,0,0.468,,,smoke\20260926T145231\usr__bin__py3compile,passed,,0,3.647,compile Python source bytecode,,functional\20260926T145416\usr__bin__py3compile
/usr/bin/py3versions,/usr/share/python3/py3versions.py,True,passed,,0,0.299,,,smoke\20260926T145231\usr__bin__py3versions,passed,,0,2.086,Debian default Python version query,,functional\20260926T145416\usr__bin__py3versions
/usr/bin/pydoc3,/usr/bin/pydoc3.11,True,passed,,0,0.492,,,smoke\20260926T145231\usr__bin__pydoc3,passed,,0,2.473,Python module documentation,,functional\20260926T145416\usr__bin__pydoc3
/usr/bin/pydoc3.11,/usr/bin/pydoc3.11,False,passed,,0,0.467,,,smoke\20260926T145231\usr__bin__pydoc3.11,passed,,0,2.416,Python module documentation,,functional\20260926T145416\usr__bin__pydoc3.11
/usr/bin/pygettext3,/usr/bin/pygettext3.11,True,passed,,0,0.459,,,smoke\20260926T145231\usr__bin__pygettext3,passed,,0,2.044,extract Python translation strings,,functional\20260926T145416\usr__bin__pygettext3
/usr/bin/pygettext3.11,/usr/bin/pygettext3.11,False,passed,,0,0.453,,,smoke\20260926T145231\usr__bin__pygettext3.11,passed,,0,2.095,extract Python translation strings,,functional\20260926T145416\usr__bin__pygettext3.11
/usr/bin/python3,/usr/bin/python3.11,True,passed,,0,0.169,,,smoke\20260926T145231\usr__bin__python3,passed,,0,2.641,Python imports and SQLite query,,functional\20260926T145416\usr__bin__python3
/usr/bin/python3.11,/usr/bin/python3.11,False,passed,,0,0.178,,,smoke\20260926T145231\usr__bin__python3.11,passed,,0,2.36,Python imports and SQLite query,,functional\20260926T145416\usr__bin__python3.11
/usr/bin/pzstd,/usr/bin/pzstd,False,passed,,0,0.183,,,smoke\20260926T145231\usr__bin__pzstd,passed,,0,1.962,zstd compression roundtrip,,functional\20260926T145416\usr__bin__pzstd
/usr/bin/querybts,/usr/bin/querybts,False,passed,,0,3.773,,,smoke\20260926T145231\usr__bin__querybts,not_tested,,,,No functional case yet,,
/usr/bin/rdma,/usr/bin/rdma,False,passed,,0,0.161,,,smoke\20260926T145231\usr__bin__rdma,failed,environment_or_kernel,1,1.346,RDMA link query,Failed to open NETLINK_RDMA socket,functional\20260926T145416\usr__bin__rdma
/usr/bin/realpath,/usr/bin/realpath,False,passed,,0,0.158,,,smoke\20260926T145231\usr__bin__realpath,passed,,0,1.901,canonical path resolution,,functional\20260926T145416\usr__bin__realpath
/usr/bin/rename.ul,/usr/bin/rename.ul,False,passed,,0,0.156,,,smoke\20260926T145231\usr__bin__rename.ul,passed,,0,1.469,rename by substitution,,functional\20260926T145416\usr__bin__rename.ul
/usr/bin/renice,/usr/bin/renice,False,passed,,0,0.161,,,smoke\20260926T145231\usr__bin__renice,failed,exit_or_assertion,1,1.128,change isolated shell niceness,/usr/bin/renice: failed to get priority for 1 (process ID): No such process,functional\20260926T145416\usr__bin__renice
/usr/bin/reportbug,/usr/bin/reportbug,False,passed,,0,3.828,,,smoke\20260926T145231\usr__bin__reportbug,not_tested,,,,No functional case yet,,
/usr/bin/reset,/usr/bin/tset,True,usage_only,,1,0.152,,,smoke\20260926T145231\usr__bin__reset,not_tested,,,,No functional case yet,,
/usr/bin/resizepart,/usr/bin/resizepart,False,passed,,0,0.149,,,smoke\20260926T145231\usr__bin__resizepart,not_tested,,,,No functional case yet,,
/usr/bin/rev,/usr/bin/rev,False,passed,,0,0.155,,,smoke\20260926T145231\usr__bin__rev,passed,,0,1.548,reverse characters,,functional\20260926T145416\usr__bin__rev
/usr/bin/rgrep,/usr/bin/rgrep,False,passed,,0,0.27,,,smoke\20260926T145231\usr__bin__rgrep,passed,,0,1.939,matching lines,,functional\20260926T145416\usr__bin__rgrep
/usr/bin/routel,/usr/bin/routel,False,usage_only,,64,0.469,,,smoke\20260926T145231\usr__bin__routel,passed,,0,2.443,formatted routing table,,functional\20260926T145416\usr__bin__routel
/usr/bin/rtstat,/usr/bin/lnstat,True,passed,,0,0.148,,,smoke\20260926T145231\usr__bin__rtstat,failed,environment_or_kernel,1,1.009,kernel network statistics,Your kernel doesn't have lnstat support. Fallback to old rtstat-only operation /proc/net/rt_cache_stat: No such file or directory,functional\20260926T145416\usr__bin__rtstat
/usr/bin/run-mailcap,/usr/bin/run-mailcap,False,passed,,0,0.378,,,smoke\20260926T145231\usr__bin__run-mailcap,not_tested,,,,No functional case yet,,
/usr/bin/runcon,/usr/bin/runcon,False,passed,,0,0.167,,,smoke\20260926T145231\usr__bin__runcon,not_tested,,,,No functional case yet,,
/usr/bin/savelog,/usr/bin/savelog,False,usage_only,,1,0.549,,,smoke\20260926T145231\usr__bin__savelog,passed,,0,3.57,rotate isolated log while preserving payload,,functional\20260926T145416\usr__bin__savelog
/usr/bin/scp,/usr/bin/scp,False,usage_only,,1,0.158,,,smoke\20260926T145231\usr__bin__scp,passed,,0,1.614,local-to-local scp copy,,functional\20260926T145416\usr__bin__scp
/usr/bin/script,/usr/bin/script,False,passed,,0,0.159,,,smoke\20260926T145231\usr__bin__script,failed,exit_or_assertion,1,2.456,run command through pseudo-terminal and save transcript,"Script started on 2026-09-26 07:03:42+00:00 [COMMAND=""printf pty-ok"" <not executed on terminal>] Script done on 2026-09-26 07:03:44+00:00 [COMMAND_EXIT_CODE=""0""]",functional\20260926T150204\usr__bin__script
/usr/bin/scriptlive,/usr/bin/scriptlive,False,passed,,0,0.165,,,smoke\20260926T145231\usr__bin__scriptlive,not_tested,,,,No functional case yet,,
/usr/bin/scriptreplay,/usr/bin/scriptreplay,False,passed,,0,0.162,,,smoke\20260926T145231\usr__bin__scriptreplay,not_tested,,,,No functional case yet,,
/usr/bin/sdiff,/usr/bin/sdiff,False,passed,,0,0.182,,,smoke\20260926T145231\usr__bin__sdiff,passed,,0,1.685,side-by-side differences,,functional\20260926T145416\usr__bin__sdiff
/usr/bin/see,/usr/bin/run-mailcap,True,passed,,0,0.373,,,smoke\20260926T145231\usr__bin__see,not_tested,,,,No functional case yet,,
/usr/bin/select-editor,/usr/bin/select-editor,False,passed,,0,2.789,,,smoke\20260926T145231\usr__bin__select-editor,not_tested,,,,No functional case yet,,
/usr/bin/sensible-browser,/usr/bin/sensible-browser,False,not_tested,,,,Helper requires an explicit isolated case,,,not_tested,,,,No functional case yet,,
/usr/bin/sensible-editor,/usr/bin/sensible-editor,False,not_tested,,,,Helper requires an explicit isolated case,,,passed,,0,1.545,dispatch explicitly configured editor,,functional\20260926T145416\usr__bin__sensible-editor
/usr/bin/sensible-pager,/usr/bin/sensible-pager,False,not_tested,,,,Helper requires an explicit isolated case,,,passed,,0,1.913,pager dispatch for non-terminal output,,functional\20260926T145416\usr__bin__sensible-pager
/usr/bin/seq,/usr/bin/seq,False,passed,,0,0.148,,,smoke\20260926T145231\usr__bin__seq,passed,,0,1.221,numeric sequence,,functional\20260926T145416\usr__bin__seq
/usr/bin/setarch,/usr/bin/setarch,False,passed,,0,0.149,,,smoke\20260926T145231\usr__bin__setarch,passed,,0,1.645,run command with architecture personality,,functional\20260926T145416\usr__bin__setarch
/usr/bin/setpci,/usr/bin/setpci,False,failed,missing_symbol,1,0.201,,ELF exec failed for <rootfs>\usr\bin\setpci: unresolved symbol iopl@GLIBC_2.2.5 referenced by libpci.so.3,smoke\20260926T145231\usr__bin__setpci,not_tested,,,,No functional case yet,,
/usr/bin/setpriv,/usr/bin/setpriv,False,passed,,0,0.152,,,smoke\20260926T145231\usr__bin__setpriv,passed,,0,1.523,privilege state,,functional\20260926T145416\usr__bin__setpriv
/usr/bin/setsid,/usr/bin/setsid,False,passed,,0,0.153,,,smoke\20260926T145231\usr__bin__setsid,passed,,0,1.335,new session execution,,functional\20260926T145416\usr__bin__setsid
/usr/bin/setterm,/usr/bin/setterm,False,passed,,0,0.159,,,smoke\20260926T145231\usr__bin__setterm,not_tested,,,,No functional case yet,,
/usr/bin/sftp,/usr/bin/sftp,False,usage_only,,1,0.17,,,smoke\20260926T145231\usr__bin__sftp,not_tested,,,,No functional case yet,,
/usr/bin/sg,/usr/bin/newgrp,True,usage_only,,1,0.164,,,smoke\20260926T145231\usr__bin__sg,failed,exit_or_assertion,1,4.375,run command under root group,"kinakaze: guest fault: read of 0x1ff07063e40 at instruction 0x1ff053237da kinakaze: RAX=0x50000009d301 RBX=0x1ff1123febc RCX=0x0 RDX=0x2201 RSI=0x0 RDI=0x0 RBP=0x500000098250 RSP=0x1ff1123fb90 R8=0x0 R9=0x500400000000 R10=0x0 R11=0x246 R12=0x1 R13=0x1ff07063e30 R14=0x0 R15=0x50000009d420 RIP=0x1ff053237da kinakaze: guest_tp=0x400000201680 actual_fs=0x400000201680 fs[-8]=0x0 transition=0x400000201cc0 host_stack_top=0x4000002421f0 kinakaze: stack[0..8]=[ 0x0, 0x0, 0x1ff1123fd20, 0x1ff1123fe01, 0x1ff1123fec4, 0x1ff05328029, 0x50000009d420, 0x50000009d3f0, ] kinakaze: fault target: allocation=0x0 base=0x1ff07063000 size=0x2ad000 state=0x10000 protect=0x1 kinakaze: instruction: allocation=0x1ff05320000 base=0x1ff05323000 size=0x5000 state=0x1000 protect=0x20 kinakaze: raw bytes at fault RIP-16..+32: [00, 84, c0, 0f, 85, 05, 05, 00, 00, 44, 8b, 25, c6, 7e, 00, 00, 41, 8b, 5d, 10, 45, 85, e4, 0",functional\20260926T150204\usr__bin__sg
/usr/bin/sha1sum,/usr/bin/sha1sum,False,passed,,0,0.179,,,smoke\20260926T145231\usr__bin__sha1sum,passed,,0,1.47,known file digest,,functional\20260926T145416\usr__bin__sha1sum
/usr/bin/sha224sum,/usr/bin/sha224sum,False,passed,,0,0.169,,,smoke\20260926T145231\usr__bin__sha224sum,passed,,0,1.494,known file digest,,functional\20260926T145416\usr__bin__sha224sum
/usr/bin/sha256sum,/usr/bin/sha256sum,False,passed,,0,0.169,,,smoke\20260926T145231\usr__bin__sha256sum,passed,,0,1.499,known file digest,,functional\20260926T145416\usr__bin__sha256sum
/usr/bin/sha384sum,/usr/bin/sha384sum,False,passed,,0,0.164,,,smoke\20260926T145231\usr__bin__sha384sum,passed,,0,1.476,known file digest,,functional\20260926T145416\usr__bin__sha384sum
/usr/bin/sha512sum,/usr/bin/sha512sum,False,passed,,0,0.167,,,smoke\20260926T145231\usr__bin__sha512sum,passed,,0,1.465,known file digest,,functional\20260926T145416\usr__bin__sha512sum
/usr/bin/shasum,/usr/bin/shasum,False,passed,,0,0.3,,,smoke\20260926T145231\usr__bin__shasum,passed,,0,1.676,Perl digest command,,functional\20260926T145416\usr__bin__shasum
/usr/bin/shred,/usr/bin/shred,False,passed,,0,0.162,,,smoke\20260926T145231\usr__bin__shred,passed,,0,1.3,overwrite and remove an isolated file,,functional\20260926T145416\usr__bin__shred
/usr/bin/shuf,/usr/bin/shuf,False,passed,,0,0.154,,,smoke\20260926T145231\usr__bin__shuf,passed,,0,1.631,shuffle a complete range,,functional\20260926T145416\usr__bin__shuf
/usr/bin/skill,/usr/bin/skill,False,passed,,0,0.188,,,smoke\20260926T145231\usr__bin__skill,not_tested,,,,No functional case yet,,
/usr/bin/slabtop,/usr/bin/slabtop,False,passed,,0,0.197,,,smoke\20260926T145231\usr__bin__slabtop,not_tested,,,,No functional case yet,,
/usr/bin/slogin,/usr/bin/ssh,True,passed,,0,0.227,,,smoke\20260926T145231\usr__bin__slogin,passed,,0,1.639,SSH client configuration expansion,,functional\20260926T145416\usr__bin__slogin
/usr/bin/snice,/usr/bin/skill,True,passed,,0,0.185,,,smoke\20260926T145231\usr__bin__snice,not_tested,,,,No functional case yet,,
/usr/bin/soelim,/usr/bin/soelim,False,passed,,0,0.168,,,smoke\20260926T145231\usr__bin__soelim,passed,,0,1.564,roff include expansion,,functional\20260926T145416\usr__bin__soelim
/usr/bin/sort,/usr/bin/sort,False,passed,,0,0.164,,,smoke\20260926T145231\usr__bin__sort,passed,,0,1.317,text sorting,,functional\20260926T145416\usr__bin__sort
/usr/bin/splain,/usr/bin/splain,False,passed,,0,0.385,,,smoke\20260926T145231\usr__bin__splain,passed,,0,1.946,explain Perl diagnostic,,functional\20260926T145416\usr__bin__splain
/usr/bin/split,/usr/bin/split,False,passed,,0,0.159,,,smoke\20260926T145231\usr__bin__split,passed,,0,1.455,split and reconstruct lines,,functional\20260926T145416\usr__bin__split
/usr/bin/ssh,/usr/bin/ssh,False,passed,,0,0.194,,,smoke\20260926T145231\usr__bin__ssh,passed,,0,1.493,SSH client configuration expansion,,functional\20260926T145416\usr__bin__ssh
/usr/bin/ssh-add,/usr/bin/ssh-add,False,not_tested,,,,Helper requires an explicit isolated case,,,passed,,0,2.404,load and list key using temporary SSH agent,,functional\20260926T145416\usr__bin__ssh-add
/usr/bin/ssh-agent,/usr/bin/ssh-agent,False,usage_only,,1,0.171,,,smoke\20260926T145231\usr__bin__ssh-agent,passed,,0,1.49,SSH agent socket lifecycle,,functional\20260926T145416\usr__bin__ssh-agent
/usr/bin/ssh-argv0,/usr/bin/ssh-argv0,False,not_tested,,,,Helper requires an explicit isolated case,,,not_tested,,,,No functional case yet,,
/usr/bin/ssh-copy-id,/usr/bin/ssh-copy-id,False,usage_only,,1,0.66,,,smoke\20260926T145231\usr__bin__ssh-copy-id,not_tested,,,,No functional case yet,,
/usr/bin/ssh-keygen,/usr/bin/ssh-keygen,False,usage_only,,1,0.197,,,smoke\20260926T145231\usr__bin__ssh-keygen,passed,,0,1.603,generate and fingerprint Ed25519 key,,functional\20260926T145416\usr__bin__ssh-keygen
/usr/bin/ssh-keyscan,/usr/bin/ssh-keyscan,False,usage_only,,1,0.208,,,smoke\20260926T145231\usr__bin__ssh-keyscan,not_tested,,,,No functional case yet,,
/usr/bin/stat,/usr/bin/stat,False,passed,,0,0.178,,,smoke\20260926T145231\usr__bin__stat,passed,,0,1.558,file size and type,,functional\20260926T145416\usr__bin__stat
/usr/bin/stdbuf,/usr/bin/stdbuf,False,passed,,0,0.175,,,smoke\20260926T145231\usr__bin__stdbuf,passed,,0,1.409,unbuffered child output,,functional\20260926T145416\usr__bin__stdbuf
/usr/bin/streamzip,/usr/bin/streamzip,False,passed,,0,0.603,,,smoke\20260926T145231\usr__bin__streamzip,passed,,0,2.12,stream input into ZIP archive,,functional\20260926T145416\usr__bin__streamzip
/usr/bin/sum,/usr/bin/sum,False,passed,,0,0.167,,,smoke\20260926T145231\usr__bin__sum,passed,,0,1.468,file checksum,,functional\20260926T145416\usr__bin__sum
/usr/bin/systemd-analyze,/usr/bin/systemd-analyze,False,failed,missing_symbol,1,0.261,,ELF exec failed for <rootfs>\usr\bin\systemd-analyze: unresolved symbol fgetsgent@GLIBC_2.10 referenced by libsystemd-shared-252.so,smoke\20260926T145231\usr__bin__systemd-analyze,failed,missing_symbol,126,0.991,calendar expression parsing,ELF exec failed for <rootfs>\usr\bin\systemd-analyze: unresolved symbol fgetsgent@GLIBC_2.10 referenced by libsystemd-shared-252.so --: line 5: /usr/bin/systemd-analyze: cannot execute binary file: Exec format error,functional\20260926T145416\usr__bin__systemd-analyze
/usr/bin/systemd-cat,/usr/bin/systemd-cat,False,failed,missing_symbol,1,0.264,,ELF exec failed for <rootfs>\usr\bin\systemd-cat: unresolved symbol fgetsgent@GLIBC_2.10 referenced by libsystemd-shared-252.so,smoke\20260926T145231\usr__bin__systemd-cat,not_tested,,,,No functional case yet,,
/usr/bin/systemd-cgls,/usr/bin/systemd-cgls,False,failed,missing_symbol,1,0.252,,ELF exec failed for <rootfs>\usr\bin\systemd-cgls: unresolved symbol fgetsgent@GLIBC_2.10 referenced by libsystemd-shared-252.so,smoke\20260926T145231\usr__bin__systemd-cgls,failed,missing_symbol,126,0.989,cgroup tree query,ELF exec failed for <rootfs>\usr\bin\systemd-cgls: unresolved symbol fgetsgent@GLIBC_2.10 referenced by libsystemd-shared-252.so --: line 5: /usr/bin/systemd-cgls: cannot execute binary file: Exec format error,functional\20260926T145416\usr__bin__systemd-cgls
/usr/bin/systemd-cgtop,/usr/bin/systemd-cgtop,False,failed,missing_symbol,1,0.254,,ELF exec failed for <rootfs>\usr\bin\systemd-cgtop: unresolved symbol fgetsgent@GLIBC_2.10 referenced by libsystemd-shared-252.so,smoke\20260926T145231\usr__bin__systemd-cgtop,not_tested,,,,No functional case yet,,
/usr/bin/systemd-cryptenroll,/usr/bin/systemd-cryptenroll,False,failed,missing_symbol,1,0.246,,ELF exec failed for <rootfs>\usr\bin\systemd-cryptenroll: unresolved symbol nearbyintl@GLIBC_2.2.5 referenced by libdevmapper.so.1.02.1,smoke\20260926T145231\usr__bin__systemd-cryptenroll,not_tested,,,,No functional case yet,,
/usr/bin/systemd-delta,/usr/bin/systemd-delta,False,failed,missing_symbol,1,0.239,,ELF exec failed for <rootfs>\usr\bin\systemd-delta: unresolved symbol fgetsgent@GLIBC_2.10 referenced by libsystemd-shared-252.so,smoke\20260926T145231\usr__bin__systemd-delta,failed,missing_symbol,126,0.979,systemd configuration override query,ELF exec failed for <rootfs>\usr\bin\systemd-delta: unresolved symbol fgetsgent@GLIBC_2.10 referenced by libsystemd-shared-252.so --: line 5: /usr/bin/systemd-delta: cannot execute binary file: Exec format error,functional\20260926T145416\usr__bin__systemd-delta
/usr/bin/systemd-detect-virt,/usr/bin/systemd-detect-virt,False,failed,missing_symbol,1,0.228,,ELF exec failed for <rootfs>\usr\bin\systemd-detect-virt: unresolved symbol fgetsgent@GLIBC_2.10 referenced by libsystemd-shared-252.so,smoke\20260926T145231\usr__bin__systemd-detect-virt,failed,exit_or_assertion,1,1.507,virtualization detection,--: line 5: /usr/bin/systemd-detect-virt: cannot execute binary file: Exec format error | --: line 5: /usr/bin/systemd-detect-virt: cannot execute binary file: Exec format error,functional\20260926T145416\usr__bin__systemd-detect-virt
/usr/bin/systemd-id128,/usr/bin/systemd-id128,False,failed,missing_symbol,1,0.248,,ELF exec failed for <rootfs>\usr\bin\systemd-id128: unresolved symbol fgetsgent@GLIBC_2.10 referenced by libsystemd-shared-252.so,smoke\20260926T145231\usr__bin__systemd-id128,failed,missing_symbol,126,1.225,generate 128-bit identifier,ELF exec failed for <rootfs>\usr\bin\systemd-id128: unresolved symbol fgetsgent@GLIBC_2.10 referenced by libsystemd-shared-252.so --: line 5: /usr/bin/systemd-id128: cannot execute binary file: Exec format error,functional\20260926T145416\usr__bin__systemd-id128
/usr/bin/systemd-mount,/usr/bin/systemd-mount,False,failed,missing_symbol,1,0.253,,ELF exec failed for <rootfs>\usr\bin\systemd-mount: unresolved symbol fgetsgent@GLIBC_2.10 referenced by libsystemd-shared-252.so,smoke\20260926T145231\usr__bin__systemd-mount,not_tested,,,,No functional case yet,,
/usr/bin/systemd-path,/usr/bin/systemd-path,False,failed,missing_symbol,1,0.235,,ELF exec failed for <rootfs>\usr\bin\systemd-path: unresolved symbol fgetsgent@GLIBC_2.10 referenced by libsystemd-shared-252.so,smoke\20260926T145231\usr__bin__systemd-path,failed,missing_symbol,126,1.246,systemd path lookup,ELF exec failed for <rootfs>\usr\bin\systemd-path: unresolved symbol fgetsgent@GLIBC_2.10 referenced by libsystemd-shared-252.so --: line 5: /usr/bin/systemd-path: cannot execute binary file: Exec format error,functional\20260926T145416\usr__bin__systemd-path
/usr/bin/systemd-run,/usr/bin/systemd-run,False,failed,missing_symbol,1,0.22,,ELF exec failed for <rootfs>\usr\bin\systemd-run: unresolved symbol fgetsgent@GLIBC_2.10 referenced by libsystemd-shared-252.so,smoke\20260926T145231\usr__bin__systemd-run,not_tested,,,,No functional case yet,,
/usr/bin/systemd-socket-activate,/usr/bin/systemd-socket-activate,False,failed,missing_symbol,1,0.221,,ELF exec failed for <rootfs>\usr\bin\systemd-socket-activate: unresolved symbol fgetsgent@GLIBC_2.10 referenced by libsystemd-shared-252.so,smoke\20260926T145231\usr__bin__systemd-socket-activate,not_tested,,,,No functional case yet,,
/usr/bin/systemd-stdio-bridge,/usr/bin/systemd-stdio-bridge,False,failed,missing_symbol,1,0.22,,ELF exec failed for <rootfs>\usr\bin\systemd-stdio-bridge: unresolved symbol fgetsgent@GLIBC_2.10 referenced by libsystemd-shared-252.so,smoke\20260926T145231\usr__bin__systemd-stdio-bridge,not_tested,,,,No functional case yet,,
/usr/bin/systemd-umount,/usr/bin/systemd-mount,True,failed,missing_symbol,1,0.226,,ELF exec failed for <rootfs>\usr\bin\systemd-mount: unresolved symbol fgetsgent@GLIBC_2.10 referenced by libsystemd-shared-252.so,smoke\20260926T145231\usr__bin__systemd-umount,not_tested,,,,No functional case yet,,
/usr/bin/tabs,/usr/bin/tabs,False,usage_only,,1,0.135,,,smoke\20260926T145231\usr__bin__tabs,not_tested,,,,No functional case yet,,
/usr/bin/tac,/usr/bin/tac,False,passed,,0,0.141,,,smoke\20260926T145231\usr__bin__tac,passed,,0,1.494,reverse line order,,functional\20260926T145416\usr__bin__tac
/usr/bin/tail,/usr/bin/tail,False,passed,,0,0.145,,,smoke\20260926T145231\usr__bin__tail,passed,,0,1.43,last lines,,functional\20260926T145416\usr__bin__tail
/usr/bin/tasksel,/usr/bin/tasksel,False,usage_only,,1,0.381,,,smoke\20260926T145231\usr__bin__tasksel,timeout,timeout,0,30.009,installed task definitions query,,functional\20260926T150204\usr__bin__tasksel
/usr/bin/taskset,/usr/bin/taskset,False,passed,,0,0.142,,,smoke\20260926T145231\usr__bin__taskset,passed,,0,1.713,read CPU affinity,,functional\20260926T145416\usr__bin__taskset
/usr/bin/tbl,/usr/bin/tbl,False,passed,,0,0.144,,,smoke\20260926T145231\usr__bin__tbl,passed,,0,1.738,roff table preprocessing,,functional\20260926T145416\usr__bin__tbl
/usr/bin/tee,/usr/bin/tee,False,passed,,0,0.152,,,smoke\20260926T145231\usr__bin__tee,passed,,0,1.627,copy standard input,,functional\20260926T145416\usr__bin__tee
/usr/bin/telnet,/usr/bin/inetutils-telnet,True,passed,,0,0.168,,,smoke\20260926T145231\usr__bin__telnet,not_tested,,,,No functional case yet,,
/usr/bin/test,/usr/bin/test,False,passed,,1,0.129,,,smoke\20260926T145231\usr__bin__test,passed,,0,1.434,file predicates and negative result,,functional\20260926T145416\usr__bin__test
/usr/bin/tic,/usr/bin/tic,False,usage_only,,1,0.157,,,smoke\20260926T145231\usr__bin__tic,passed,,0,1.731,compile terminfo description,,functional\20260926T145416\usr__bin__tic
/usr/bin/timedatectl,/usr/bin/timedatectl,False,failed,missing_symbol,1,0.247,,ELF exec failed for <rootfs>\usr\bin\timedatectl: unresolved symbol fgetsgent@GLIBC_2.10 referenced by libsystemd-shared-252.so,smoke\20260926T145231\usr__bin__timedatectl,failed,missing_symbol,126,1.281,query time service properties,ELF exec failed for <rootfs>\usr\bin\timedatectl: unresolved symbol fgetsgent@GLIBC_2.10 referenced by libsystemd-shared-252.so --: line 5: /usr/bin/timedatectl: cannot execute binary file: Exec format error,functional\20260926T145416\usr__bin__timedatectl
/usr/bin/timeout,/usr/bin/timeout,False,passed,,0,0.155,,,smoke\20260926T145231\usr__bin__timeout,passed,,0,11.515,terminate overlong child,,functional\20260926T145416\usr__bin__timeout
/usr/bin/tload,/usr/bin/tload,False,passed,,0,0.185,,,smoke\20260926T145231\usr__bin__tload,not_tested,,,,No functional case yet,,
/usr/bin/toe,/usr/bin/toe,False,usage_only,,1,0.145,,,smoke\20260926T145231\usr__bin__toe,passed,,0,5.476,terminfo database enumeration,,functional\20260926T150204\usr__bin__toe
/usr/bin/top,/usr/bin/top,False,passed,,0,0.201,,,smoke\20260926T145231\usr__bin__top,passed,,0,2.124,single batch process snapshot,,functional\20260926T145416\usr__bin__top
/usr/bin/tput,/usr/bin/tput,False,usage_only,,2,0.156,,,smoke\20260926T145231\usr__bin__tput,passed,,0,1.846,terminal column capability,,functional\20260926T145416\usr__bin__tput
/usr/bin/tr,/usr/bin/tr,False,passed,,0,0.16,,,smoke\20260926T145231\usr__bin__tr,passed,,0,1.515,character translation,,functional\20260926T145416\usr__bin__tr
/usr/bin/traceproto.db,/usr/bin/traceproto.db,False,usage_only,,2,0.354,,,smoke\20260926T145231\usr__bin__traceproto.db,not_tested,,,,No functional case yet,,
/usr/bin/traceroute-nanog,/usr/bin/traceroute-nanog,False,usage_only,,2,0.347,,,smoke\20260926T145231\usr__bin__traceroute-nanog,not_tested,,,,No functional case yet,,
/usr/bin/traceroute.db,/usr/bin/traceroute.db,False,passed,,0,0.188,,,smoke\20260926T145231\usr__bin__traceroute.db,not_tested,,,,No functional case yet,,
/usr/bin/traceroute6.db,/usr/bin/traceroute.db,True,passed,,0,0.181,,,smoke\20260926T145231\usr__bin__traceroute6.db,not_tested,,,,No functional case yet,,
/usr/bin/tree,/usr/bin/tree,False,passed,,0,0.154,,,smoke\20260926T145231\usr__bin__tree,passed,,0,1.726,directory tree traversal,,functional\20260926T145416\usr__bin__tree
/usr/bin/troff,/usr/bin/troff,False,passed,,0,0.182,,,smoke\20260926T145231\usr__bin__troff,passed,,0,1.793,roff intermediate output,,functional\20260926T145416\usr__bin__troff
/usr/bin/truncate,/usr/bin/truncate,False,passed,,0,0.149,,,smoke\20260926T145231\usr__bin__truncate,passed,,0,1.316,set file length,,functional\20260926T145416\usr__bin__truncate
/usr/bin/tset,/usr/bin/tset,False,usage_only,,1,0.156,,,smoke\20260926T145231\usr__bin__tset,not_tested,,,,No functional case yet,,
/usr/bin/tsort,/usr/bin/tsort,False,passed,,0,0.157,,,smoke\20260926T145231\usr__bin__tsort,passed,,0,1.657,topological ordering,,functional\20260926T145416\usr__bin__tsort
/usr/bin/tty,/usr/bin/tty,False,passed,,0,0.157,,,smoke\20260926T145231\usr__bin__tty,failed,exit_or_assertion,1,2.453,resolve pseudo-terminal name,"Script started on 2026-09-26 07:04:24+00:00 [COMMAND=""/usr/bin/tty"" <not executed on terminal>] Script done on 2026-09-26 07:04:27+00:00 [COMMAND_EXIT_CODE=""0""]",functional\20260926T150204\usr__bin__tty
/usr/bin/tzselect,/usr/bin/tzselect,False,passed,,0,0.56,,,smoke\20260926T145231\usr__bin__tzselect,not_tested,,,,No functional case yet,,
/usr/bin/ucf,/usr/bin/ucf,False,passed,,0,1.222,,,smoke\20260926T145231\usr__bin__ucf,failed,missing_package_or_configuration,10,6.344,configuration file registration in isolated state directory,dpkg-query: error: package 'ucf' is not installed,functional\20260926T150204\usr__bin__ucf
/usr/bin/ucfq,/usr/bin/ucfq,False,passed,,0,0.318,,,smoke\20260926T145231\usr__bin__ucfq,passed,,0,1.418,configuration ownership inventory,,functional\20260926T145416\usr__bin__ucfq
/usr/bin/ucfr,/usr/bin/ucfr,False,passed,,0,0.841,,,smoke\20260926T145231\usr__bin__ucfr,passed,,0,6.358,isolated configuration ownership registration,,functional\20260926T145416\usr__bin__ucfr
/usr/bin/uclampset,/usr/bin/uclampset,False,passed,,0,0.196,,,smoke\20260926T145231\usr__bin__uclampset,failed,unimplemented,1,0.988,query utilization clamp state,/usr/bin/uclampset: failed to get pid 1's uclamp values: Function not implemented,functional\20260926T145416\usr__bin__uclampset
/usr/bin/ul,/usr/bin/ul,False,passed,,0,0.212,,,smoke\20260926T145231\usr__bin__ul,passed,,0,2.004,terminal formatting filter,,functional\20260926T145416\usr__bin__ul
/usr/bin/unexpand,/usr/bin/unexpand,False,passed,,0,0.189,,,smoke\20260926T145231\usr__bin__unexpand,passed,,0,1.548,space compression,,functional\20260926T145416\usr__bin__unexpand
/usr/bin/uniq,/usr/bin/uniq,False,passed,,0,0.198,,,smoke\20260926T145231\usr__bin__uniq,passed,,0,1.587,count adjacent duplicates,,functional\20260926T145416\usr__bin__uniq
/usr/bin/unlink,/usr/bin/unlink,False,passed,,0,0.187,,,smoke\20260926T145231\usr__bin__unlink,passed,,0,1.386,remove isolated file,,functional\20260926T145416\usr__bin__unlink
/usr/bin/unshare,/usr/bin/unshare,False,passed,,0,0.168,,,smoke\20260926T145231\usr__bin__unshare,not_tested,,,,No functional case yet,,
/usr/bin/unxz,/usr/bin/xz,True,passed,,0,0.171,,,smoke\20260926T145231\usr__bin__unxz,passed,,0,1.378,decompress known fixture,,functional\20260926T145416\usr__bin__unxz
/usr/bin/unzip,/usr/bin/unzip,False,passed,,0,0.171,,,smoke\20260926T145231\usr__bin__unzip,passed,,0,1.459,ZIP extraction,,functional\20260926T145416\usr__bin__unzip
/usr/bin/unzipsfx,/usr/bin/unzipsfx,False,passed,,0,0.171,,,smoke\20260926T145231\usr__bin__unzipsfx,not_tested,,,,No functional case yet,,
/usr/bin/unzstd,/usr/bin/zstd,True,passed,,0,0.184,,,smoke\20260926T145231\usr__bin__unzstd,passed,,0,1.921,zstd decompression,,functional\20260926T145416\usr__bin__unzstd
/usr/bin/update-alternatives,/usr/bin/update-alternatives,False,passed,,0,0.18,,,smoke\20260926T145231\usr__bin__update-alternatives,passed,,0,1.843,alternatives database query,,functional\20260926T145416\usr__bin__update-alternatives
/usr/bin/uptime,/usr/bin/uptime,False,passed,,0,0.193,,,smoke\20260926T145231\usr__bin__uptime,passed,,0,1.936,uptime and load query,,functional\20260926T145416\usr__bin__uptime
/usr/bin/users,/usr/bin/users,False,passed,,0,0.167,,,smoke\20260926T145231\usr__bin__users,passed,,0,1.5,login/session accounting query,,functional\20260926T145416\usr__bin__users
/usr/bin/utmpdump,/usr/bin/utmpdump,False,passed,,0,0.161,,,smoke\20260926T145231\usr__bin__utmpdump,not_tested,,,,No functional case yet,,
/usr/bin/uuidgen,/usr/bin/uuidgen,False,passed,,0,0.163,,,smoke\20260926T145231\usr__bin__uuidgen,passed,,0,1.817,UUID generation,,functional\20260926T145416\usr__bin__uuidgen
/usr/bin/uuidparse,/usr/bin/uuidparse,False,passed,,0,0.17,,,smoke\20260926T145231\usr__bin__uuidparse,passed,,0,1.637,UUID field decoding,,functional\20260926T145416\usr__bin__uuidparse
/usr/bin/vi,/usr/bin/vim.tiny,True,passed,,0,0.22,,,smoke\20260926T145231\usr__bin__vi,passed,,0,1.362,batch text editing without terminal,,functional\20260926T145416\usr__bin__vi
/usr/bin/vim.tiny,/usr/bin/vim.tiny,False,passed,,0,0.203,,,smoke\20260926T145231\usr__bin__vim.tiny,passed,,0,1.302,batch text editing without terminal,,functional\20260926T145416\usr__bin__vim.tiny
/usr/bin/vmstat,/usr/bin/vmstat,False,passed,,0,0.179,,,smoke\20260926T145231\usr__bin__vmstat,passed,,0,1.533,virtual memory statistics,,functional\20260926T145416\usr__bin__vmstat
/usr/bin/w,/usr/bin/w,False,passed,,0,0.181,,,smoke\20260926T145231\usr__bin__w,passed,,0,1.186,logged-in session query,,functional\20260926T145416\usr__bin__w
/usr/bin/wall,/usr/bin/wall,False,passed,,0,0.161,,,smoke\20260926T145231\usr__bin__wall,not_tested,,,,No functional case yet,,
/usr/bin/watch,/usr/bin/watch,False,passed,,0,0.161,,,smoke\20260926T145231\usr__bin__watch,not_tested,,,,No functional case yet,,
/usr/bin/wc,/usr/bin/wc,False,passed,,0,0.167,,,smoke\20260926T145231\usr__bin__wc,passed,,0,1.43,line counting,,functional\20260926T145416\usr__bin__wc
/usr/bin/wget,/usr/bin/wget,False,passed,,0,0.209,,,smoke\20260926T145231\usr__bin__wget,passed,,0,1.668,local HTTP response body,,functional\20260926T145416\usr__bin__wget
/usr/bin/whatis,/usr/bin/whatis,False,passed,,0,0.174,,,smoke\20260926T145231\usr__bin__whatis,failed,exit_or_assertion,16,1.085,manual database lookup,printf: nothing appropriate.,functional\20260926T145416\usr__bin__whatis
/usr/bin/whereis,/usr/bin/whereis,False,passed,,0,0.162,,,smoke\20260926T145231\usr__bin__whereis,passed,,0,1.629,binary/manual path discovery,,functional\20260926T145416\usr__bin__whereis
/usr/bin/which.debianutils,/usr/bin/which.debianutils,False,usage_only,,2,0.157,,,smoke\20260926T145231\usr__bin__which.debianutils,passed,,0,1.456,PATH command resolution,,functional\20260926T145416\usr__bin__which.debianutils
/usr/bin/whiptail,/usr/bin/whiptail,False,failed,missing_symbol,1,0.216,,ELF exec failed for <rootfs>\usr\bin\whiptail: unresolved symbol tempnam@GLIBC_2.2.5 referenced by libnewt.so.0.52,smoke\20260926T145231\usr__bin__whiptail,not_tested,,,,No functional case yet,,
/usr/bin/who,/usr/bin/who,False,passed,,0,0.157,,,smoke\20260926T145231\usr__bin__who,passed,,0,1.197,login/session accounting query,,functional\20260926T145416\usr__bin__who
/usr/bin/whoami,/usr/bin/whoami,False,passed,,0,0.165,,,smoke\20260926T145231\usr__bin__whoami,passed,,0,1.202,effective user name,,functional\20260926T145416\usr__bin__whoami
/usr/bin/write,/usr/bin/write,False,passed,,0,0.162,,,smoke\20260926T145231\usr__bin__write,not_tested,,,,No functional case yet,,
/usr/bin/x86_64,/usr/bin/setarch,True,passed,,0,0.163,,,smoke\20260926T145231\usr__bin__x86_64,passed,,0,1.631,64-bit execution personality,,functional\20260926T145416\usr__bin__x86_64
/usr/bin/xargs,/usr/bin/xargs,False,passed,,0,0.156,,,smoke\20260926T145231\usr__bin__xargs,passed,,0,2.24,argument batching,,functional\20260926T145416\usr__bin__xargs
/usr/bin/xauth,/usr/bin/xauth,False,failed,missing_symbol,1,0.192,,ELF exec failed for <rootfs>\usr\bin\xauth: unresolved symbol XSecurityFreeXauth referenced by xauth,smoke\20260926T145231\usr__bin__xauth,failed,missing_symbol,126,0.873,isolated X authority database,ELF exec failed for <rootfs>\usr\bin\xauth: unresolved symbol XSecurityFreeXauth referenced by xauth --: line 5: /usr/bin/xauth: cannot execute binary file: Exec format error,functional\20260926T145416\usr__bin__xauth
/usr/bin/xsubpp,/usr/bin/xsubpp,False,usage_only,,255,0.35,,,smoke\20260926T145231\usr__bin__xsubpp,not_tested,,,,No functional case yet,,
/usr/bin/xxd,/usr/bin/xxd,False,usage_only,,1,0.158,,,smoke\20260926T145231\usr__bin__xxd,passed,,0,1.458,binary-to-hex conversion,,functional\20260926T145416\usr__bin__xxd
/usr/bin/xz,/usr/bin/xz,False,passed,,0,0.148,,,smoke\20260926T145231\usr__bin__xz,passed,,0,1.746,decompress host-generated fixture,,functional\20260926T145416\usr__bin__xz
/usr/bin/xzcat,/usr/bin/xz,True,passed,,0,0.162,,,smoke\20260926T145231\usr__bin__xzcat,passed,,0,1.623,decompress known fixture,,functional\20260926T145416\usr__bin__xzcat
/usr/bin/xzcmp,/usr/bin/xzdiff,True,passed,,0,0.148,,,smoke\20260926T145231\usr__bin__xzcmp,passed,,0,3.298,compare compressed files,,functional\20260926T145416\usr__bin__xzcmp
/usr/bin/xzdiff,/usr/bin/xzdiff,False,passed,,0,0.138,,,smoke\20260926T145231\usr__bin__xzdiff,passed,,0,3.254,compare compressed files,,functional\20260926T145416\usr__bin__xzdiff
/usr/bin/xzegrep,/usr/bin/xzgrep,True,passed,,0,0.568,,,smoke\20260926T145231\usr__bin__xzegrep,passed,,0,3.357,search compressed text,,functional\20260926T145416\usr__bin__xzegrep
/usr/bin/xzfgrep,/usr/bin/xzgrep,True,passed,,0,0.574,,,smoke\20260926T145231\usr__bin__xzfgrep,passed,,0,3.324,search compressed text,,functional\20260926T145416\usr__bin__xzfgrep
/usr/bin/xzgrep,/usr/bin/xzgrep,False,passed,,0,0.567,,,smoke\20260926T145231\usr__bin__xzgrep,passed,,0,3.361,search compressed text,,functional\20260926T145416\usr__bin__xzgrep
/usr/bin/xzless,/usr/bin/xzless,False,passed,,0,0.152,,,smoke\20260926T145231\usr__bin__xzless,passed,,0,3.629,display compressed text without terminal,,functional\20260926T145416\usr__bin__xzless
/usr/bin/xzmore,/usr/bin/xzmore,False,passed,,0,0.152,,,smoke\20260926T145231\usr__bin__xzmore,passed,,0,3.388,display compressed text without terminal,,functional\20260926T145416\usr__bin__xzmore
/usr/bin/yes,/usr/bin/yes,False,passed,,0,0.158,,,smoke\20260926T145231\usr__bin__yes,passed,,0,1.688,repeat output until pipe closes,,functional\20260926T145416\usr__bin__yes
/usr/bin/zdump,/usr/bin/zdump,False,passed,,0,0.163,,,smoke\20260926T145231\usr__bin__zdump,passed,,0,1.903,timezone formatting,,functional\20260926T145416\usr__bin__zdump
/usr/bin/zip,/usr/bin/zip,False,passed,,0,0.172,,,smoke\20260926T145231\usr__bin__zip,passed,,0,1.887,ZIP creation with interoperable payload,,functional\20260926T145416\usr__bin__zip
/usr/bin/zipcloak,/usr/bin/zipcloak,False,passed,,0,0.158,,,smoke\20260926T145231\usr__bin__zipcloak,not_tested,,,,No functional case yet,,
/usr/bin/zipdetails,/usr/bin/zipdetails,False,usage_only,,255,0.412,,,smoke\20260926T145231\usr__bin__zipdetails,passed,,0,2.34,ZIP directory/structure decoding,,functional\20260926T145416\usr__bin__zipdetails
/usr/bin/zipgrep,/usr/bin/zipgrep,False,usage_only,,1,0.339,,,smoke\20260926T145231\usr__bin__zipgrep,passed,,0,5.076,search ZIP member content,,functional\20260926T145416\usr__bin__zipgrep
/usr/bin/zipinfo,/usr/bin/zipinfo,False,passed,,0,0.154,,,smoke\20260926T145231\usr__bin__zipinfo,passed,,0,1.802,ZIP directory/structure decoding,,functional\20260926T145416\usr__bin__zipinfo
/usr/bin/zipnote,/usr/bin/zipnote,False,passed,,0,0.156,,,smoke\20260926T145231\usr__bin__zipnote,passed,,0,1.781,ZIP member comments,,functional\20260926T145416\usr__bin__zipnote
/usr/bin/zipsplit,/usr/bin/zipsplit,False,passed,,0,0.156,,,smoke\20260926T145231\usr__bin__zipsplit,passed,,0,1.008,split ZIP archive,,functional\20260926T145416\usr__bin__zipsplit
/usr/bin/zstd,/usr/bin/zstd,False,passed,,0,0.164,,,smoke\20260926T145231\usr__bin__zstd,passed,,0,1.764,zstd compression roundtrip,,functional\20260926T145416\usr__bin__zstd
/usr/bin/zstdcat,/usr/bin/zstd,True,passed,,0,0.159,,,smoke\20260926T145231\usr__bin__zstdcat,passed,,0,1.863,zstd decompression,,functional\20260926T145416\usr__bin__zstdcat
/usr/bin/zstdgrep,/usr/bin/zstdgrep,False,not_tested,,,,Helper requires an explicit isolated case,,,passed,,0,2.358,search zstd-compressed content,,functional\20260926T145416\usr__bin__zstdgrep
/usr/bin/zstdless,/usr/bin/zstdless,False,passed,,0,0.272,,,smoke\20260926T145231\usr__bin__zstdless,passed,,0,2.893,display zstd content without terminal,,functional\20260926T145416\usr__bin__zstdless
/usr/bin/zstdmt,/usr/bin/zstd,True,passed,,0,0.145,,,smoke\20260926T145231\usr__bin__zstdmt,passed,,0,1.791,zstd compression roundtrip,,functional\20260926T145416\usr__bin__zstdmt
/usr/sbin/accessdb,/usr/sbin/accessdb,False,passed,,0,0.165,,,smoke\20260926T145231\usr__sbin__accessdb,not_tested,,,,No functional case yet,,
/usr/sbin/add-shell,/usr/sbin/add-shell,False,passed,,0,1.881,,,smoke\20260926T145231\usr__sbin__add-shell,not_tested,,,,No functional case yet,,
/usr/sbin/addgroup,/usr/sbin/adduser,True,passed,,0,0.421,,,smoke\20260926T145231\usr__sbin__addgroup,not_tested,,,,No functional case yet,,
/usr/sbin/adduser,/usr/sbin/adduser,False,passed,,0,0.417,,,smoke\20260926T145231\usr__sbin__adduser,not_tested,,,,No functional case yet,,
/usr/sbin/arpd,/usr/sbin/arpd,False,usage_only,,1,0.162,,,smoke\20260926T145231\usr__sbin__arpd,not_tested,,,,No functional case yet,,
/usr/sbin/biosdecode,/usr/sbin/biosdecode,False,passed,,0,0.143,,,smoke\20260926T145231\usr__sbin__biosdecode,not_tested,,,,No functional case yet,,
/usr/sbin/chgpasswd,/usr/sbin/chgpasswd,False,passed,,0,0.173,,,smoke\20260926T145231\usr__sbin__chgpasswd,not_tested,,,,No functional case yet,,
/usr/sbin/chmem,/usr/sbin/chmem,False,failed,environment_or_kernel,1,0.151,,/usr/sbin/chmem: Failed to read /sys/devices/system/memory: No such file or directory,smoke\20260926T145231\usr__sbin__chmem,not_tested,,,,No functional case yet,,
/usr/sbin/chpasswd,/usr/sbin/chpasswd,False,passed,,0,0.169,,,smoke\20260926T145231\usr__sbin__chpasswd,not_tested,,,,No functional case yet,,
/usr/sbin/chroot,/usr/sbin/chroot,False,passed,,0,0.163,,,smoke\20260926T145231\usr__sbin__chroot,not_tested,,,,No functional case yet,,
/usr/sbin/cpgr,/usr/sbin/cppw,True,usage_only,,2,0.177,,,smoke\20260926T145231\usr__sbin__cpgr,not_tested,,,,No functional case yet,,
/usr/sbin/cppw,/usr/sbin/cppw,False,usage_only,,2,0.175,,,smoke\20260926T145231\usr__sbin__cppw,not_tested,,,,No functional case yet,,
/usr/sbin/cron,/usr/sbin/cron,False,usage_only,,1,0.173,,,smoke\20260926T145231\usr__sbin__cron,not_tested,,,,No functional case yet,,
/usr/sbin/delgroup,/usr/sbin/deluser,True,passed,,0,0.553,,,smoke\20260926T145231\usr__sbin__delgroup,not_tested,,,,No functional case yet,,
/usr/sbin/deluser,/usr/sbin/deluser,False,passed,,0,0.546,,,smoke\20260926T145231\usr__sbin__deluser,not_tested,,,,No functional case yet,,
/usr/sbin/dmidecode,/usr/sbin/dmidecode,False,passed,,0,0.158,,,smoke\20260926T145231\usr__sbin__dmidecode,failed,environment_or_kernel,1,1.046,firmware system information,/dev/mem: No such file or directory | # dmidecode 3.4 Scanning /dev/mem for entry point.,functional\20260926T145416\usr__sbin__dmidecode
/usr/sbin/dpkg-fsys-usrunmess,/usr/sbin/dpkg-fsys-usrunmess,False,failed,missing_package_or_configuration,2,0.463,,error: missing File::FcntlLock module; please install libfile-fcntllock-perl,smoke\20260926T145231\usr__sbin__dpkg-fsys-usrunmess,not_tested,,,,No functional case yet,,
/usr/sbin/dpkg-preconfigure,/usr/sbin/dpkg-preconfigure,False,usage_only,,1,0.981,,,smoke\20260926T145231\usr__sbin__dpkg-preconfigure,passed,,0,2.634,empty APT preconfiguration input,,functional\20260926T145416\usr__sbin__dpkg-preconfigure
/usr/sbin/dpkg-reconfigure,/usr/sbin/dpkg-reconfigure,False,usage_only,,1,0.864,,,smoke\20260926T145231\usr__sbin__dpkg-reconfigure,not_tested,,,,No functional case yet,,
/usr/sbin/e2freefrag,/usr/sbin/e2freefrag,False,usage_only,,1,0.158,,,smoke\20260926T145231\usr__sbin__e2freefrag,passed,,0,2.198,inspect/check isolated ext2 image,,functional\20260926T145416\usr__sbin__e2freefrag
/usr/sbin/e4crypt,/usr/sbin/e4crypt,False,passed,,0,0.144,,,smoke\20260926T145231\usr__sbin__e4crypt,not_tested,,,,No functional case yet,,
/usr/sbin/e4defrag,/usr/sbin/e4defrag,False,usage_only,,1,0.17,,,smoke\20260926T145231\usr__sbin__e4defrag,not_tested,,,,No functional case yet,,
/usr/sbin/exicyclog,/usr/sbin/exicyclog,False,not_tested,,,,Helper requires an explicit isolated case,,,not_tested,,,,No functional case yet,,
/usr/sbin/exigrep,/usr/sbin/exigrep,False,passed,,0,0.513,,,smoke\20260926T145231\usr__sbin__exigrep,not_tested,,,,No functional case yet,,
/usr/sbin/exim,/usr/sbin/exim4,True,failed,missing_package_or_configuration,1,0.22,,"exim: failed to find uid for user name ""Debian-exim""",smoke\20260926T145231\usr__sbin__exim,not_tested,,,,No functional case yet,,
/usr/sbin/exim4,/usr/sbin/exim4,False,failed,missing_package_or_configuration,1,0.222,,"exim: failed to find uid for user name ""Debian-exim""",smoke\20260926T145231\usr__sbin__exim4,not_tested,,,,No functional case yet,,
/usr/sbin/exim_checkaccess,/usr/sbin/exim_checkaccess,False,usage_only,,1,0.859,,,smoke\20260926T145231\usr__sbin__exim_checkaccess,not_tested,,,,No functional case yet,,
/usr/sbin/exim_convert4r4,/usr/sbin/exim_convert4r4,False,usage_only,,1,0.251,,,smoke\20260926T145231\usr__sbin__exim_convert4r4,not_tested,,,,No functional case yet,,
/usr/sbin/exim_dbmbuild,/usr/sbin/exim_dbmbuild,False,usage_only,,1,0.154,,,smoke\20260926T145231\usr__sbin__exim_dbmbuild,not_tested,,,,No functional case yet,,
/usr/sbin/exim_dumpdb,/usr/sbin/exim_dumpdb,False,usage_only,,1,0.152,,,smoke\20260926T145231\usr__sbin__exim_dumpdb,not_tested,,,,No functional case yet,,
/usr/sbin/exim_fixdb,/usr/sbin/exim_fixdb,False,usage_only,,1,0.138,,,smoke\20260926T145231\usr__sbin__exim_fixdb,not_tested,,,,No functional case yet,,
/usr/sbin/exim_lock,/usr/sbin/exim_lock,False,usage_only,,1,0.14,,,smoke\20260926T145231\usr__sbin__exim_lock,not_tested,,,,No functional case yet,,
/usr/sbin/exim_tidydb,/usr/sbin/exim_tidydb,False,usage_only,,1,0.152,,,smoke\20260926T145231\usr__sbin__exim_tidydb,not_tested,,,,No functional case yet,,
/usr/sbin/eximstats,/usr/sbin/eximstats,False,usage_only,,1,0.327,,,smoke\20260926T145231\usr__sbin__eximstats,not_tested,,,,No functional case yet,,
/usr/sbin/exinext,/usr/sbin/exinext,False,passed,,0,3.088,,,smoke\20260926T145231\usr__sbin__exinext,not_tested,,,,No functional case yet,,
/usr/sbin/exipick,/usr/sbin/exipick,False,passed,,0,0.531,,,smoke\20260926T145231\usr__sbin__exipick,not_tested,,,,No functional case yet,,
/usr/sbin/exiqgrep,/usr/sbin/exiqgrep,False,usage_only,,1,0.204,,,smoke\20260926T145231\usr__sbin__exiqgrep,not_tested,,,,No functional case yet,,
/usr/sbin/exiqsumm,/usr/sbin/exiqsumm,False,passed,,0,0.181,,,smoke\20260926T145231\usr__sbin__exiqsumm,not_tested,,,,No functional case yet,,
/usr/sbin/exiwhat,/usr/sbin/exiwhat,False,not_tested,,,,Helper requires an explicit isolated case,,,not_tested,,,,No functional case yet,,
/usr/sbin/faillock,/usr/sbin/faillock,False,usage_only,,1,0.143,,,smoke\20260926T145231\usr__sbin__faillock,passed,,0,1.434,PAM failure record query,,functional\20260926T145416\usr__sbin__faillock
/usr/sbin/filefrag,/usr/sbin/filefrag,False,usage_only,,1,0.139,,,smoke\20260926T145231\usr__sbin__filefrag,failed,exit_or_assertion,25,1.094,file extent query,text.txt: FIBMAP/FIEMAP unsupported,functional\20260926T145416\usr__sbin__filefrag
/usr/sbin/genl,/usr/sbin/genl,False,usage_only,,4294967295,0.147,,,smoke\20260926T145231\usr__sbin__genl,failed,environment_or_kernel,1,1.049,generic netlink family query,Cannot open netlink socket: Protocol not supported Cannot open generic netlink socket,functional\20260926T145416\usr__sbin__genl
/usr/sbin/groupadd,/usr/sbin/groupadd,False,passed,,0,0.163,,,smoke\20260926T145231\usr__sbin__groupadd,passed,,0,2.312,account database operation confined to private prefix,,functional\20260926T145416\usr__sbin__groupadd
/usr/sbin/groupdel,/usr/sbin/groupdel,False,passed,,0,0.16,,,smoke\20260926T145231\usr__sbin__groupdel,passed,,0,2.318,account database operation confined to private prefix,,functional\20260926T145416\usr__sbin__groupdel
/usr/sbin/groupmems,/usr/sbin/groupmems,False,passed,,0,0.166,,,smoke\20260926T145231\usr__sbin__groupmems,not_tested,,,,No functional case yet,,
/usr/sbin/groupmod,/usr/sbin/groupmod,False,passed,,0,0.159,,,smoke\20260926T145231\usr__sbin__groupmod,passed,,0,2.412,account database operation confined to private prefix,,functional\20260926T145416\usr__sbin__groupmod
/usr/sbin/grpck,/usr/sbin/grpck,False,passed,,0,0.166,,,smoke\20260926T145231\usr__sbin__grpck,passed,,0,1.476,read-only group consistency,,functional\20260926T145416\usr__sbin__grpck
/usr/sbin/grpconv,/usr/sbin/grpconv,False,passed,,0,0.171,,,smoke\20260926T145231\usr__sbin__grpconv,not_tested,,,,No functional case yet,,
/usr/sbin/grpunconv,/usr/sbin/grpunconv,False,passed,,0,0.174,,,smoke\20260926T145231\usr__sbin__grpunconv,not_tested,,,,No functional case yet,,
/usr/sbin/iconvconfig,/usr/sbin/iconvconfig,False,passed,,0,0.157,,,smoke\20260926T145231\usr__sbin__iconvconfig,not_tested,,,,No functional case yet,,
/usr/sbin/invoke-rc.d,/usr/sbin/invoke-rc.d,False,passed,,0,0.347,,,smoke\20260926T145231\usr__sbin__invoke-rc.d,not_tested,,,,No functional case yet,,
/usr/sbin/ldattach,/usr/sbin/ldattach,False,passed,,0,0.171,,,smoke\20260926T145231\usr__sbin__ldattach,not_tested,,,,No functional case yet,,
/usr/sbin/locale-gen,/usr/sbin/locale-gen,False,passed,,0,0.355,,,smoke\20260926T145231\usr__sbin__locale-gen,not_tested,,,,No functional case yet,,
/usr/sbin/logrotate,/usr/sbin/logrotate,False,passed,,0,0.176,,,smoke\20260926T145231\usr__sbin__logrotate,passed,,0,1.357,dry-run log rotation policy parsing,,functional\20260926T145416\usr__sbin__logrotate
/usr/sbin/mklost+found,/usr/sbin/mklost+found,False,usage_only,,1,0.161,,,smoke\20260926T145231\usr__sbin__mklost+found,passed,,0,1.387,create lost+found in isolated directory,,functional\20260926T145416\usr__sbin__mklost+found
/usr/sbin/newusers,/usr/sbin/newusers,False,passed,,0,0.167,,,smoke\20260926T145231\usr__sbin__newusers,not_tested,,,,No functional case yet,,
/usr/sbin/nft,/usr/sbin/nft,False,passed,,0,0.192,,,smoke\20260926T145231\usr__sbin__nft,passed,,0,1.647,netfilter ruleset query,,functional\20260926T145416\usr__sbin__nft
/usr/sbin/nologin,/usr/sbin/nologin,False,passed,,1,0.155,,,smoke\20260926T145231\usr__sbin__nologin,passed,,0,2.01,deny login with nonzero status,,functional\20260926T145416\usr__sbin__nologin
/usr/sbin/ownership,/usr/sbin/ownership,False,not_tested,,,,Helper requires an explicit isolated case,,,not_tested,,,,No functional case yet,,
/usr/sbin/pam-auth-update,/usr/sbin/pam-auth-update,False,passed,,0,3.931,,,smoke\20260926T145231\usr__sbin__pam-auth-update,not_tested,,,,No functional case yet,,
/usr/sbin/pam_getenv,/usr/sbin/pam_getenv,False,passed,,0,0.188,,,smoke\20260926T145231\usr__sbin__pam_getenv,passed,,0,1.721,read PAM environment value,,functional\20260926T145416\usr__sbin__pam_getenv
/usr/sbin/pam_timestamp_check,/usr/sbin/pam_timestamp_check,False,failed,missing_symbol,1,0.205,,ELF exec failed for <rootfs>\usr\sbin\pam_timestamp_check: unresolved symbol getutent_r@GLIBC_2.2.5 referenced by pam_timestamp_check,smoke\20260926T145231\usr__sbin__pam_timestamp_check,not_tested,,,,No functional case yet,,
/usr/sbin/policy-rc.d,/usr/sbin/policy-rc.d,False,not_tested,,,,Helper requires an explicit isolated case,,,passed,,0,1.655,preinstalled service-start policy,,functional\20260926T145416\usr__sbin__policy-rc.d
/usr/sbin/pwck,/usr/sbin/pwck,False,passed,,0,0.172,,,smoke\20260926T145231\usr__sbin__pwck,passed,,0,1.816,read-only passwd consistency,,functional\20260926T145416\usr__sbin__pwck
/usr/sbin/pwconv,/usr/sbin/pwconv,False,passed,,0,0.172,,,smoke\20260926T145231\usr__sbin__pwconv,not_tested,,,,No functional case yet,,
/usr/sbin/pwunconv,/usr/sbin/pwunconv,False,passed,,0,0.172,,,smoke\20260926T145231\usr__sbin__pwunconv,not_tested,,,,No functional case yet,,
/usr/sbin/readprofile,/usr/sbin/readprofile,False,passed,,0,0.172,,,smoke\20260926T145231\usr__sbin__readprofile,not_tested,,,,No functional case yet,,
/usr/sbin/remove-shell,/usr/sbin/remove-shell,False,passed,,0,2.599,,,smoke\20260926T145231\usr__sbin__remove-shell,not_tested,,,,No functional case yet,,
/usr/sbin/rmail,/usr/sbin/exim4,True,failed,missing_package_or_configuration,1,0.256,,"exim: failed to find uid for user name ""Debian-exim""",smoke\20260926T145231\usr__sbin__rmail,not_tested,,,,No functional case yet,,
/usr/sbin/rmt-tar,/usr/sbin/rmt-tar,False,passed,,0,0.174,,,smoke\20260926T145231\usr__sbin__rmt-tar,not_tested,,,,No functional case yet,,
/usr/sbin/rsmtp,/usr/sbin/exim4,True,failed,missing_package_or_configuration,1,0.257,,"exim: failed to find uid for user name ""Debian-exim""",smoke\20260926T145231\usr__sbin__rsmtp,not_tested,,,,No functional case yet,,
/usr/sbin/rtcwake,/usr/sbin/rtcwake,False,passed,,0,0.168,,,smoke\20260926T145231\usr__sbin__rtcwake,not_tested,,,,No functional case yet,,
/usr/sbin/runq,/usr/sbin/exim4,True,failed,missing_package_or_configuration,1,0.244,,"exim: failed to find uid for user name ""Debian-exim""",smoke\20260926T145231\usr__sbin__runq,not_tested,,,,No functional case yet,,
/usr/sbin/sendmail,/usr/sbin/exim4,True,failed,missing_package_or_configuration,1,0.268,,"exim: failed to find uid for user name ""Debian-exim""",smoke\20260926T145231\usr__sbin__sendmail,not_tested,,,,No functional case yet,,
/usr/sbin/service,/usr/sbin/service,False,passed,,0,0.667,,,smoke\20260926T145231\usr__sbin__service,not_tested,,,,No functional case yet,,
/usr/sbin/syslog2eximlog,/usr/sbin/syslog2eximlog,False,passed,,0,0.205,,,smoke\20260926T145231\usr__sbin__syslog2eximlog,not_tested,,,,No functional case yet,,
/usr/sbin/tarcat,/usr/sbin/tarcat,False,passed,,0,0.993,,,smoke\20260926T145231\usr__sbin__tarcat,not_tested,,,,No functional case yet,,
/usr/sbin/tcptraceroute.db,/usr/sbin/tcptraceroute.db,False,usage_only,,2,0.429,,,smoke\20260926T145231\usr__sbin__tcptraceroute.db,not_tested,,,,No functional case yet,,
/usr/sbin/update-ca-certificates,/usr/sbin/update-ca-certificates,False,passed,,0,0.166,,,smoke\20260926T145231\usr__sbin__update-ca-certificates,not_tested,,,,No functional case yet,,
/usr/sbin/update-exim4.conf,/usr/sbin/update-exim4.conf,False,passed,,0,0.573,,,smoke\20260926T145231\usr__sbin__update-exim4.conf,not_tested,,,,No functional case yet,,
/usr/sbin/update-exim4.conf.template,/usr/sbin/update-exim4.conf.template,False,passed,,0,0.619,,,smoke\20260926T145231\usr__sbin__update-exim4.conf.template,not_tested,,,,No functional case yet,,
/usr/sbin/update-exim4defaults,/usr/sbin/update-exim4defaults,False,passed,,0,0.349,,,smoke\20260926T145231\usr__sbin__update-exim4defaults,not_tested,,,,No functional case yet,,
/usr/sbin/update-locale,/usr/sbin/update-locale,False,passed,,0,0.247,,,smoke\20260926T145231\usr__sbin__update-locale,not_tested,,,,No functional case yet,,
/usr/sbin/update-mime,/usr/sbin/update-mime,False,passed,,0,0.247,,,smoke\20260926T145231\usr__sbin__update-mime,not_tested,,,,No functional case yet,,
/usr/sbin/update-passwd,/usr/sbin/update-passwd,False,passed,,0,0.165,,,smoke\20260926T145231\usr__sbin__update-passwd,not_tested,,,,No functional case yet,,
/usr/sbin/update-pciids,/usr/sbin/update-pciids,False,not_tested,,,,Helper requires an explicit isolated case,,,not_tested,,,,No functional case yet,,
/usr/sbin/update-rc.d,/usr/sbin/update-rc.d,False,usage_only,,1,0.215,,,smoke\20260926T145231\usr__sbin__update-rc.d,not_tested,,,,No functional case yet,,
/usr/sbin/update-shells,/usr/sbin/update-shells,False,passed,,0,0.361,,,smoke\20260926T145231\usr__sbin__update-shells,not_tested,,,,No functional case yet,,
/usr/sbin/useradd,/usr/sbin/useradd,False,passed,,0,0.199,,,smoke\20260926T145231\usr__sbin__useradd,passed,,0,2.861,account database operation confined to private prefix,,functional\20260926T145416\usr__sbin__useradd
/usr/sbin/userdel,/usr/sbin/userdel,False,passed,,0,0.206,,,smoke\20260926T145231\usr__sbin__userdel,passed,,0,2.496,account database operation confined to private prefix,,functional\20260926T145416\usr__sbin__userdel
/usr/sbin/usermod,/usr/sbin/usermod,False,passed,,0,0.186,,,smoke\20260926T145231\usr__sbin__usermod,passed,,0,2.347,account database operation confined to private prefix,,functional\20260926T145416\usr__sbin__usermod
/usr/sbin/uuidd,/usr/sbin/uuidd,False,passed,,0,0.18,,,smoke\20260926T145231\usr__sbin__uuidd,not_tested,,,,No functional case yet,,
/usr/sbin/validlocale,/usr/sbin/validlocale,False,passed,,0,0.245,,,smoke\20260926T145231\usr__sbin__validlocale,passed,,0,1.563,locale-name validation,,functional\20260926T145416\usr__sbin__validlocale
/usr/sbin/vigr,/usr/sbin/vipw,True,passed,,0,0.179,,,smoke\20260926T145231\usr__sbin__vigr,not_tested,,,,No functional case yet,,
/usr/sbin/vipw,/usr/sbin/vipw,False,passed,,0,0.163,,,smoke\20260926T145231\usr__sbin__vipw,not_tested,,,,No functional case yet,,
/usr/sbin/vpddecode,/usr/sbin/vpddecode,False,passed,,0,0.143,,,smoke\20260926T145231\usr__sbin__vpddecode,not_tested,,,,No functional case yet,,
/usr/sbin/zic,/usr/sbin/zic,False,passed,,0,0.14,,,smoke\20260926T145231\usr__sbin__zic,passed,,0,1.164,compile timezone definition,,functional\20260926T145416\usr__sbin__zic
